Sourcing python-remove-tests-dir-hook
Sourcing python-catch-conflicts-hook.sh
Sourcing python-remove-bin-bytecode-hook.sh
Sourcing python-imports-check-hook.sh
Using pythonImportsCheckPhase
Sourcing python-namespaces-hook
Using checkPhaseThreadLimitHook
Running phase: unpackPhase
@nix { "action": "setPhase", "phase": "unpackPhase" }
unpacking source archive /nix/store/k87dnn1z3c52wb5hng2q0jlk6cvj0yya-source
source root is source
setting SOURCE_DATE_EPOCH to timestamp 315619200 of file "source/third_party/renderman-26/shaders/UsdPreviewSurfaceParameters.osl"
Running phase: patchPhase
@nix { "action": "setPhase", "phase": "patchPhase" }
applying patch /nix/store/0d0jqrwqapwmfp6cqqx17lk2y23wcrk9-port-to-embree-4.patch
patching file cmake/modules/FindEmbree.cmake
patching file pxr/imaging/plugin/hdEmbree/context.h
patching file pxr/imaging/plugin/hdEmbree/mesh.cpp
patching file pxr/imaging/plugin/hdEmbree/mesh.h
patching file pxr/imaging/plugin/hdEmbree/meshSamplers.h
patching file pxr/imaging/plugin/hdEmbree/pch.h
patching file pxr/imaging/plugin/hdEmbree/renderDelegate.h
patching file pxr/imaging/plugin/hdEmbree/renderParam.h
patching file pxr/imaging/plugin/hdEmbree/renderer.cpp
patching file pxr/imaging/plugin/hdEmbree/renderer.h
patching file pxr/imaging/plugin/hdEmbree/testenv/testHdEmbree.cpp
applying patch /nix/store/wsd8qjlcwz2iz7saps04fqz4m3qbxyrd-propagate-dependencies-opengl.patch
patching file pxr/pxrConfig.cmake.in
Hunk #1 succeeded at 76 (offset 14 lines).
Running phase: updateAutotoolsGnuConfigScriptsPhase
@nix { "action": "setPhase", "phase": "updateAutotoolsGnuConfigScriptsPhase" }
Running phase: configurePhase
@nix { "action": "setPhase", "phase": "configurePhase" }
cmake flags: -GNinja -DCMAKE_FIND_USE_SYSTEM_PACKAGE_REGISTRY=OFF -DCMAKE_FIND_USE_PACKAGE_REGISTRY=OFF -DCMAKE_EXPORT_NO_PACKAGE_REGISTRY=ON -DCMAKE_BUILD_TYPE=Release -DBUILD_TESTING=OFF -DCMAKE_INSTALL_LOCALEDIR=/nix/store/41zizbg09mig7s17vz47aqkyw3jxlyf0-python3.13-openusd-25.05.01/share/locale -DCMAKE_INSTALL_LIBEXECDIR=/nix/store/41zizbg09mig7s17vz47aqkyw3jxlyf0-python3.13-openusd-25.05.01/libexec -DCMAKE_INSTALL_LIBDIR=/nix/store/41zizbg09mig7s17vz47aqkyw3jxlyf0-python3.13-openusd-25.05.01/lib -DCMAKE_INSTALL_DOCDIR=/nix/store/41zizbg09mig7s17vz47aqkyw3jxlyf0-python3.13-openusd-25.05.01/share/doc/usd -DCMAKE_INSTALL_INFODIR=/nix/store/41zizbg09mig7s17vz47aqkyw3jxlyf0-python3.13-openusd-25.05.01/share/info -DCMAKE_INSTALL_MANDIR=/nix/store/41zizbg09mig7s17vz47aqkyw3jxlyf0-python3.13-openusd-25.05.01/share/man -DCMAKE_INSTALL_INCLUDEDIR=/nix/store/41zizbg09mig7s17vz47aqkyw3jxlyf0-python3.13-openusd-25.05.01/include -DCMAKE_INSTALL_SBINDIR=/nix/store/41zizbg09mig7s17vz47aqkyw3jxlyf0-python3.13-openusd-25.05.01/sbin -DCMAKE_INSTALL_BINDIR=/nix/store/41zizbg09mig7s17vz47aqkyw3jxlyf0-python3.13-openusd-25.05.01/bin -DCMAKE_INSTALL_NAME_DIR=/nix/store/41zizbg09mig7s17vz47aqkyw3jxlyf0-python3.13-openusd-25.05.01/lib -DCMAKE_STRIP=/nix/store/29qjlshvklnyr67nhpprzgb9igmsfsjj-gcc-wrapper-15.2.0/bin/strip -DCMAKE_RANLIB=/nix/store/29qjlshvklnyr67nhpprzgb9igmsfsjj-gcc-wrapper-15.2.0/bin/ranlib -DCMAKE_AR=/nix/store/29qjlshvklnyr67nhpprzgb9igmsfsjj-gcc-wrapper-15.2.0/bin/ar -DCMAKE_C_COMPILER=gcc -DCMAKE_CXX_COMPILER=g++ -DCMAKE_INSTALL_PREFIX=/nix/store/41zizbg09mig7s17vz47aqkyw3jxlyf0-python3.13-openusd-25.05.01 -DPXR_BUILD_ALEMBIC_PLUGIN=ON -DPXR_BUILD_DRACO_PLUGIN=ON -DPXR_BUILD_EMBREE_PLUGIN=ON -DPXR_BUILD_EXAMPLES=OFF -DPXR_BUILD_IMAGING=ON -DPXR_BUILD_MONOLITHIC=ON -DPXR_BUILD_TESTS=OFF -DPXR_BUILD_TUTORIALS=OFF -DPXR_BUILD_USD_IMAGING=ON -DPYSIDE_BIN_DIR=/nix/store/3s9hjnlx9hbilmj3riyqgw7sjnprxcrx-pyside6-uic/bin -DPXR_BUILD_DOCUMENTATION:BOOL=FALSE -DPXR_BUILD_PYTHON_DOCUMENTATION:BOOL=FALSE -DPXR_BUILD_USDVIEW:BOOL=FALSE -DPXR_BUILD_USD_TOOLS:BOOL=FALSE -DPXR_ENABLE_MATERIALX_SUPPORT:BOOL=TRUE -DPXR_ENABLE_OSL_SUPPORT:BOOL=TRUE
-- The C compiler identification is GNU 15.2.0
-- The CXX compiler identification is GNU 15.2.0
-- Detecting C compiler ABI info
-- Detecting C compiler ABI info - done
-- Check for working C compiler: /nix/store/29qjlshvklnyr67nhpprzgb9igmsfsjj-gcc-wrapper-15.2.0/bin/gcc - skipped
-- Detecting C compile features
-- Detecting C compile features - done
-- Detecting CXX compiler ABI info
-- Detecting CXX compiler ABI info - done
-- Check for working CXX compiler: /nix/store/29qjlshvklnyr67nhpprzgb9igmsfsjj-gcc-wrapper-15.2.0/bin/g++ - skipped
-- Detecting CXX compile features
-- Detecting CXX compile features - done
-- Performing Test CMAKE_HAVE_LIBC_PTHREAD
-- Performing Test CMAKE_HAVE_LIBC_PTHREAD - Success
-- Found Threads: TRUE
-- Found Python3: /nix/store/v9xb07wmdqxmb4qnjxjcckzs4ixviyvf-python3-3.13.14/bin/python3.13 (found version "3.13.14") found components: Interpreter Development Development.Module Development.Embed
-- Found Jinja2
-- Using default system allocator because PXR_MALLOC_LIBRARY is unspecified
[0mCMake Deprecation Warning at cmake/defaults/Packages.cmake:179 (cmake_policy):
  The OLD behavior for policy CMP0072 will be removed from a future version
  of CMake.

  The cmake-policies(7) manual explains that the OLD behaviors of all
  policies are deprecated and that a policy should be set to OLD only under
  specific short-term circumstances.  Projects should be ported to the NEW
  behavior and not rely on setting a policy to OLD.
Call Stack (most recent call first):
  CMakeLists.txt:23 (include)

[0m
-- Found OpenGL: /nix/store/37pxc9k6cjg51gb6jskhb067nybrq75q-libglvnd-1.7.0/lib/libOpenGL.so
-- Found X11: /nix/store/6v1hx568cmw9qjgx11bww5wgsjy4vna3-xorgproto-2025.1/include
-- Looking for XOpenDisplay in /nix/store/sf0bhkr1wb32273b2hx4m4mpypclicc6-libx11-1.8.13/lib/libX11.so
-- Looking for XOpenDisplay in /nix/store/sf0bhkr1wb32273b2hx4m4mpypclicc6-libx11-1.8.13/lib/libX11.so - found
-- Looking for gethostbyname
-- Looking for gethostbyname - found
-- Looking for connect
-- Looking for connect - found
-- Looking for remove
-- Looking for remove - found
-- Looking for shmat
-- Looking for shmat - found
-- Looking for IceConnectionNumber in ICE
-- Looking for IceConnectionNumber in ICE - found
-- Found Embree: /nix/store/fbdfb2xmdbqlk8bhvvp3qfxy0rb5cj9l-embree-4.4.0/include
-- Found Alembic: /nix/store/2bdn56k7l5mhb3f9yp81qk2k9xjsbnmh-alembic-1.8.8-lib/lib/libAlembic.so
-- Found OSL: /nix/store/65fwba7ivhzsj6zrrrqyxdzy3ggjrxnm-openshadinglanguage-1.15.3.0/include
-- C++ namespace configured to (external) pxr, (internal) pxrInternal_v0_25_5
-- Skipping validation of gf generated code because PXR_VALIDATE_GENERATED_CODE=OFF
-- Skipping commandline tools because PXR_BUILD_USD_TOOLS=OFF
-- Skipping commandline tools because PXR_BUILD_USD_TOOLS=OFF
-- Skipping hgiMetal because PXR_BUILD_GPU_SUPPORT or PXR_ENABLE_METAL_SUPPORT is OFF
-- Skipping hgiVulkan because PXR_BUILD_GPU_SUPPORT or PXR_ENABLE_VULKAN_SUPPORT is OFF
-- Configuring done (4.4s)
-- Generating done (0.8s)
[33mCMake Warning:
  Manually-specified variables were not used by the project:

    BUILD_TESTING
    CMAKE_EXPORT_NO_PACKAGE_REGISTRY
    CMAKE_INSTALL_BINDIR
    CMAKE_INSTALL_DOCDIR
    CMAKE_INSTALL_INCLUDEDIR
    CMAKE_INSTALL_INFODIR
    CMAKE_INSTALL_LIBDIR
    CMAKE_INSTALL_LIBEXECDIR
    CMAKE_INSTALL_LOCALEDIR
    CMAKE_INSTALL_MANDIR
    CMAKE_INSTALL_SBINDIR
    PYSIDE_BIN_DIR

[0m
-- Build files have been written to: /build/source/build
cmake: enabled parallel building
cmake: enabled parallel installing
Running phase: buildPhase
@nix { "action": "setPhase", "phase": "buildPhase" }
build flags: -j32
[1/4282] Copying base_type_traits.hpp ...
[2/4282] Copying python.hpp ...
[3/4282] Copying args_fwd.hpp ...
[4/4282] Copying bases.hpp ...
[5/4282] Copying arg_from_python.hpp ...
[6/4282] Copying args.hpp ...
[7/4282] Copying back_reference.hpp ...
[8/4282] Copying call.hpp ...
[9/4282] Copying borrowed.hpp ...
[10/4282] Copying converter/arg_to_python_base.hpp ...
[11/4282] Copying call_method.hpp ...
[12/4282] Copying common.hpp ...
[13/4282] Copying class_fwd.hpp ...
[14/4282] Copying converter/builtin_converters.hpp ...
[15/4282] Copying cast.hpp ...
[16/4282] Copying class.hpp ...
[17/4282] Copying converter/constructor_function.hpp ...
[18/4282] Copying converter/implicit.hpp ...
[19/4282] Copying converter/context_result_converter.hpp ...
[20/4282] Copying converter/arg_from_python.hpp ...
[21/4282] Copying converter/convertible_function.hpp ...
[22/4282] Copying converter/obj_mgr_arg_from_python.hpp ...
[23/4282] Copying converter/pyobject_traits.hpp ...
[24/4282] Copying converter/pyobject_type.hpp ...
[25/4282] Copying converter/arg_to_python.hpp ...
[26/4282] Copying converter/from_python.hpp ...
[27/4282] Copying converter/object_manager.hpp ...
[28/4282] Copying converter/pytype_function.hpp ...
[29/4282] Copying converter/pointer_type_id.hpp ...
[30/4282] Copying converter/as_to_python_function.hpp ...
[31/4282] Copying converter/pytype_object_mgr_traits.hpp ...
[32/4282] Copying converter/shared_ptr_from_python.hpp ...
[33/4282] Copying converter/registry.hpp ...
[34/4282] Copying converter/registrations.hpp ...
[35/4282] Copying converter/registered.hpp ...
[36/4282] Copying converter/return_from_python.hpp ...
[37/4282] Copying converter/to_python_function_type.hpp ...
[38/4282] Copying detail/caller.hpp ...
[39/4282] Copying converter/shared_ptr_to_python.hpp ...
[40/4282] Copying converter/registered_pointee.hpp ...
[41/4282] Copying data_members.hpp ...
[42/4282] Copying converter/rvalue_from_python_data.hpp ...
[43/4282] Copying copy_const_reference.hpp ...
[44/4282] Copying def.hpp ...
[45/4282] Copying copy_non_const_reference.hpp ...
[46/4282] Copying detail/borrowed_ptr.hpp ...
[47/4282] Copying detail/api_placeholder.hpp ...
[48/4282] Copying detail/config.hpp ...
[49/4282] Copying detail/convertible.hpp ...
[50/4282] Copying detail/decref_guard.hpp ...
[51/4282] Copying detail/def_helper.hpp ...
[52/4282] Copying converter/shared_ptr_deleter.hpp ...
[53/4282] Copying default_call_policies.hpp ...
[54/4282] Copying detail/aix_init_module.hpp ...
[55/4282] Copying detail/copy_ctor_mutates_rhs.hpp ...
[56/4282] Copying detail/cv_category.hpp ...
[57/4282] Copying detail/decorated_type_id.hpp ...
[58/4282] Copying detail/defaults_gen.hpp ...
[59/4282] Copying def_visitor.hpp ...
[60/4282] Copying detail/dealloc.hpp ...
[61/4282] Copying detail/defaults_def.hpp ...
[62/4282] Copying detail/construct.hpp ...
[63/4282] Copying detail/dependent.hpp ...
[64/4282] Copying detail/def_helper_fwd.hpp ...
[65/4282] Copying detail/enable_if.hpp ...
[66/4282] Copying detail/exception_handler.hpp ...
[67/4282] Copying detail/if_else.hpp ...
[68/4282] Copying detail/get_pointer.hpp ...
[69/4282] Copying detail/indirect_traits.hpp ...
[70/4282] Copying detail/destroy.hpp ...
[71/4282] Copying detail/force_instantiate.hpp ...
[72/4282] Copying detail/is_auto_ptr.hpp ...
[73/4282] Copying detail/mpl_lambda.hpp ...
[74/4282] Copying detail/mpl2/bool.hpp ...
[75/4282] Copying detail/integer_cast.hpp ...
[76/4282] Copying detail/invoke.hpp ...
[77/4282] Copying detail/is_wrapper.hpp ...
[78/4282] Copying detail/is_shared_ptr.hpp ...
[79/4282] Copying detail/is_xxx.hpp ...
[80/4282] Copying detail/mpl2/at.hpp ...
[81/4282] Copying detail/mpl2/int.hpp ...
[82/4282] Copying detail/mpl2/eval_if.hpp ...
[83/4282] Copying detail/mpl2/and.hpp ...
[84/4282] Copying detail/mpl2/if.hpp ...
[85/4282] Copying detail/mpl2/pop_front.hpp ...
[86/4282] Copying detail/make_keyword_range_fn.hpp ...
[87/4282] Copying detail/none.hpp ...
[88/4282] Copying detail/map_entry.hpp ...
[89/4282] Copying detail/mpl2/identity.hpp ...
[90/4282] Copying detail/mpl2/not.hpp ...
[91/4282] Copying detail/preprocessor.hpp ...
[92/4282] Copying detail/msvc_typeinfo.hpp ...
[93/4282] Copying detail/not_specified.hpp ...
[94/4282] Copying detail/mpl2/size.hpp ...
[95/4282] Copying detail/overloads_fwd.hpp ...
[96/4282] Copying detail/mpl2/push_front.hpp ...
[97/4282] Copying detail/mpl2/or.hpp ...
[98/4282] Copying detail/nullary_function_adaptor.hpp ...
[99/4282] Copying detail/prefix.hpp ...
[100/4282] Copying detail/mpl2/front.hpp ...
[101/4282] Copying detail/python_type.hpp ...
[102/4282] Copying detail/raw_pyobject.hpp ...
[103/4282] Copying detail/signature.hpp ...
[104/4282] Copying detail/pointee.hpp ...
[105/4282] Copying detail/scope.hpp ...
[106/4282] Copying detail/translate_exception.hpp ...
[107/4282] Copying detail/string_literal.hpp ...
[108/4282] Copying detail/value_arg.hpp ...
[109/4282] Copying detail/target.hpp ...
[110/4282] Copying detail/unwind_type.hpp ...
[111/4282] Copying detail/result.hpp ...
[112/4282] Copying detail/sfinae.hpp ...
[113/4282] Copying detail/unwrap_type_id.hpp ...
[114/4282] Copying detail/operator_id.hpp ...
[115/4282] Copying detail/type_list.hpp ...
[116/4282] Copying detail/type_list_impl.hpp ...
[117/4282] Copying detail/value_is_shared_ptr.hpp ...
[118/4282] Copying detail/referent_storage.hpp ...
[119/4282] Copying detail/type_traits.hpp ...
[120/4282] Copying detail/void_ptr.hpp ...
[121/4282] Copying detail/wrap_python.hpp ...
[122/4282] Copying detail/value_is_xxx.hpp ...
[123/4282] Copying exception_translator.hpp ...
[124/4282] Copying extract.hpp ...
[125/4282] Copying detail/void_return.hpp ...
[126/4282] Copying exec.hpp ...
[127/4282] Copying detail/wrapper_base.hpp ...
[128/4282] Copying detail/unwrap_wrapper.hpp ...
[129/4282] Copying errors.hpp ...
[130/4282] Copying docstring_options.hpp ...
[131/4282] Copying enum.hpp ...
[132/4282] Copying dict.hpp ...
[133/4282] Copying handle_fwd.hpp ...
[134/4282] Copying init.hpp ...
[135/4282] Copying has_back_reference.hpp ...
[136/4282] Copying list.hpp ...
[137/4282] Copying iterator.hpp ...
[138/4282] Copying handle.hpp ...
[139/4282] Copying implicit.hpp ...
[140/4282] Copying import.hpp ...
[141/4282] Copying lvalue_from_pytype.hpp ...
[142/4282] Copying instance_holder.hpp ...
[143/4282] Copying make_function.hpp ...
[144/4282] Copying long.hpp ...
[145/4282] Copying module.hpp ...
[146/4282] Copying object/add_to_namespace.hpp ...
[147/4282] Copying manage_new_object.hpp ...
[148/4282] Copying make_constructor.hpp ...
[149/4282] Copying noncopyable.hpp ...
[150/4282] Copying object/class_detail.hpp ...
[151/4282] Copying object/enum_base.hpp ...
[152/4282] Copying object/class_metadata.hpp ...
[153/4282] Copying object/class_wrapper.hpp ...
[154/4282] Copying object/class.hpp ...
[155/4282] Copying object/function_doc_signature.hpp ...
[156/4282] Copying object/inheritance_query.hpp ...
[157/4282] Copying module_init.hpp ...
[158/4282] Copying object/find_instance.hpp ...
[159/4282] Copying object/forward.hpp ...
[160/4282] Copying object/inheritance.hpp ...
[161/4282] Copying object/function.hpp ...
[162/4282] Copying object/function_handle.hpp ...
[163/4282] Copying object/life_support.hpp ...
[164/4282] Copying object/instance.hpp ...
[165/4282] Copying object/iterator.hpp ...
[166/4282] Copying object/make_holder.hpp ...
[167/4282] Copying object/function_object.hpp ...
[168/4282] Copying object/iterator_core.hpp ...
[169/4282] Copying object/make_instance.hpp ...
[170/4282] Copying object/make_ptr_instance.hpp ...
[171/4282] Copying object/pickle_support.hpp ...
[172/4282] Copying object/py_function.hpp ...
[173/4282] Copying object_items.hpp ...
[174/4282] Copying object/value_holder_fwd.hpp ...
[175/4282] Copying object/stl_iterator_core.hpp ...
[176/4282] Copying object_slices.hpp ...
[177/4282] Copying object_attributes.hpp ...
[178/4282] Copying object/pointer_holder.hpp ...
[179/4282] Copying override.hpp ...
[180/4282] Copying object_operators.hpp ...
[181/4282] Copying object_protocol.hpp ...
[182/4282] Copying object_protocol_core.hpp ...
[183/4282] Copying operators.hpp ...
[184/4282] Copying object/value_holder.hpp ...
[185/4282] Copying object.hpp ...
[186/4282] Copying object_core.hpp ...
[187/4282] Copying pointee.hpp ...
[188/4282] Copying other.hpp ...
[189/4282] Copying ref.hpp ...
[190/4282] Copying return_by_value.hpp ...
[191/4282] Copying opaque_pointer_converter.hpp ...
[192/4282] Copying overloads.hpp ...
[193/4282] Copying raw_function.hpp ...
[194/4282] Copying register_ptr_to_python.hpp ...
[195/4282] Copying return_arg.hpp ...
[196/4282] Copying proxy.hpp ...
[197/4282] Copying pure_virtual.hpp ...
[198/4282] Copying refcount.hpp ...
[199/4282] Copying reference_existing_object.hpp ...
[200/4282] Copying self.hpp ...
[201/4282] Copying object_fwd.hpp ...
[202/4282] Copying ptr.hpp ...
[203/4282] Copying return_internal_reference.hpp ...
[204/4282] Copying signature.hpp ...
[205/4282] Copying return_opaque_pointer.hpp ...
[206/4282] Copying suite/indexing/container_utils.hpp ...
[207/4282] Copying return_value_policy.hpp ...
[208/4282] Copying stl_iterator.hpp ...
[209/4282] Copying scope.hpp ...
[210/4282] Copying slice_nil.hpp ...
[211/4282] Copying ssize_t.hpp ...
[212/4282] Copying suite/indexing/map_indexing_suite.hpp ...
[213/4282] Copying slice.hpp ...
[214/4282] Copying str.hpp ...
[215/4282] Copying type_list.hpp ...
[216/4282] Copying suite/indexing/vector_indexing_suite.hpp ...
[217/4282] Copying suite/indexing/detail/indexing_suite_detail.hpp ...
[218/4282] Copying suite/indexing/indexing_suite.hpp ...
[219/4282] Copying tag.hpp ...
[220/4282] Copying to_python_indirect.hpp ...
[221/4282] Copying wrapper.hpp ...
[222/4282] Copying with_custodian_and_ward.hpp ...
[223/4282] Copying api.h ...
[224/4282] Copying functionLite.h ...
[225/4282] Copying inttypes.h ...
[226/4282] Copying to_python_converter.hpp ...
[227/4282] Copying tuple.hpp ...
[228/4282] Copying type.hpp ...
[229/4282] Copying buildMode.h ...
[230/4282] Copying export.h ...
[231/4282] Copying to_python_value.hpp ...
[232/4282] Copying type_id.hpp ...
[233/4282] Copying pragmas.h ...
[234/4282] Copying daemon.h ...
[235/4282] Copying defines.h ...
[236/4282] Copying math.h ...
[237/4282] Copying align.h ...
[238/4282] Copying attributes.h ...
[239/4282] Copying hints.h ...
[240/4282] Copying demangle.h ...
[241/4282] Copying error.h ...
[242/4282] Copying errno.h ...
[243/4282] Copying fileSystem.h ...
[244/4282] Copying regex.h ...
[245/4282] Copying mallocHook.h ...
[246/4282] Copying debugger.h ...
[247/4282] Copying library.h ...
[248/4282] Copying hash.h ...
[249/4282] Copying function.h ...
[250/4282] Copying env.h ...
[251/4282] Copying virtualMemory.h ...
[252/4282] Copying threads.h ...
[253/4282] Copying cxxCast.h ...
[254/4282] Copying symbols.h ...
[255/4282] Copying testArchAbi.h ...
[256/4282] Copying vsnprintf.h ...
[257/4282] Copying testArchUtil.h ...
[258/4282] Copying stackTrace.h ...
[259/4282] Copying timing.h ...
[260/4282] Copying systemInfo.h ...
[261/4282] Copying callContext.h ...
[262/4282] Copying api.h ...
[263/4282] Building CXX object pxr/external/boost/CMakeFiles/boost.dir/build-workaround.cpp.o
[264/4282] Copying declarePtrs.h ...
[265/4282] Building CXX object pxr/base/arch/CMakeFiles/arch.dir/attributes.cpp.o
[266/4282] Building CXX object pxr/base/arch/CMakeFiles/arch.dir/align.cpp.o
[267/4282] Building CXX object pxr/base/arch/CMakeFiles/arch.dir/daemon.cpp.o
[268/4282] Building CXX object pxr/base/arch/CMakeFiles/arch.dir/initConfig.cpp.o
[269/4282] Building CXX object pxr/external/boost/python/CMakeFiles/python.dir/src/object/life_support.cpp.o
[270/4282] Building CXX object pxr/base/arch/CMakeFiles/arch.dir/error.cpp.o
[271/4282] Building CXX object pxr/external/boost/python/CMakeFiles/python.dir/src/object/iterator.cpp.o
[272/4282] Building CXX object pxr/base/arch/CMakeFiles/arch.dir/assumptions.cpp.o
[273/4282] Building CXX object pxr/external/boost/python/CMakeFiles/python.dir/src/converter/arg_to_python_base.cpp.o
[274/4282] Building CXX object pxr/base/arch/CMakeFiles/arch.dir/demangle.cpp.o
[275/4282] Building CXX object pxr/external/boost/python/CMakeFiles/python.dir/src/long.cpp.o
[276/4282] Building CXX object pxr/base/arch/CMakeFiles/arch.dir/hash.cpp.o
[277/4282] Building CXX object pxr/external/boost/python/CMakeFiles/python.dir/src/errors.cpp.o
[278/4282] Building CXX object pxr/external/boost/python/CMakeFiles/python.dir/src/object/stl_iterator.cpp.o
[279/4282] Building CXX object pxr/base/arch/CMakeFiles/arch.dir/errno.cpp.o
[280/4282] Building CXX object pxr/external/boost/python/CMakeFiles/python.dir/src/object_operators.cpp.o
[281/4282] Building CXX object pxr/external/boost/python/CMakeFiles/python.dir/src/slice.cpp.o
[282/4282] Building CXX object pxr/external/boost/python/CMakeFiles/python.dir/src/converter/registry.cpp.o
[283/4282] Building CXX object pxr/external/boost/python/CMakeFiles/python.dir/src/module.cpp.o
[284/4282] Building CXX object pxr/external/boost/python/CMakeFiles/python.dir/src/tuple.cpp.o
[285/4282] Copying diagnosticLite.h ...
[286/4282] Copying delegatedCountPtr.h ...
[287/4282] Building CXX object pxr/external/boost/python/CMakeFiles/python.dir/src/converter/from_python.cpp.o
[288/4282] Copying functionTraits.h ...
[289/4282] Copying functionRef.h ...
[290/4282] Building CXX object pxr/external/boost/python/CMakeFiles/python.dir/src/exec.cpp.o
[291/4282] Copying hashmap.h ...
[292/4282] Copying hashset.h ...
[293/4282] Copying instantiateSingleton.h ...
[294/4282] Copying instantiateStacked.h ...
[295/4282] Copying instantiateType.h ...
[296/4282] Building CXX object pxr/external/boost/python/CMakeFiles/python.dir/src/converter/type_id.cpp.o
[297/4282] Copying pxrTslRobinMap/robin_growth_policy.h ...
[298/4282] Copying pxrCLI11/CLI11.h ...
[299/4282] Copying meta.h ...
[300/4282] Building CXX object pxr/base/arch/CMakeFiles/arch.dir/debugger.cpp.o
/build/source/pxr/base/arch/debugger.cpp: In function ‘bool pxrInternal_v0_25_5__pxrReserved__::Arch_DebuggerRunUnrelatedProcessPosix(bool (*)(void*), void*)’:
/build/source/pxr/base/arch/debugger.cpp:238:14: warning: ignoring return value of ‘ssize_t write(int, const void*, size_t)’ declared with attribute ‘warn_unused_result’ [-Wunused-result]
  238 |         write(ready[1], &result, sizeof(result));
      |         ~~~~~^~~~~~~~~~~~~~~~~~~~~~~~~~~~~~~~~~~
/build/source/pxr/base/arch/debugger.cpp:264:14: warning: ignoring return value of ‘ssize_t write(int, const void*, size_t)’ declared with attribute ‘warn_unused_result’ [-Wunused-result]
  264 |         write(ready[1], &result, sizeof(result));
      |         ~~~~~^~~~~~~~~~~~~~~~~~~~~~~~~~~~~~~~~~~
/build/source/pxr/base/arch/debugger.cpp:278:14: warning: ignoring return value of ‘ssize_t write(int, const void*, size_t)’ declared with attribute ‘warn_unused_result’ [-Wunused-result]
  278 |         write(ready[1], &result, sizeof(result));
      |         ~~~~~^~~~~~~~~~~~~~~~~~~~~~~~~~~~~~~~~~~
/build/source/pxr/base/arch/debugger.cpp:288:14: warning: ignoring return value of ‘ssize_t write(int, const void*, size_t)’ declared with attribute ‘warn_unused_result’ [-Wunused-result]
  288 |         write(ready[1], &result, sizeof(result));
      |         ~~~~~^~~~~~~~~~~~~~~~~~~~~~~~~~~~~~~~~~~
/build/source/pxr/base/arch/debugger.cpp:305:14: warning: ignoring return value of ‘ssize_t write(int, const void*, size_t)’ declared with attribute ‘warn_unused_result’ [-Wunused-result]
  305 |         write(ready[1], &result, sizeof(result));
      |         ~~~~~^~~~~~~~~~~~~~~~~~~~~~~~~~~~~~~~~~~
/build/source/pxr/base/arch/debugger.cpp:313:14: warning: ignoring return value of ‘ssize_t write(int, const void*, size_t)’ declared with attribute ‘warn_unused_result’ [-Wunused-result]
  313 |         write(ready[1], &result, sizeof(result));
      |         ~~~~~^~~~~~~~~~~~~~~~~~~~~~~~~~~~~~~~~~~
[301/4282] Copying pxrTslRobinMap/robin_hash.h ...
[302/4282] Copying pxrTslRobinMap/robin_set.h ...
[303/4282] Copying pxrTslRobinMap/robin_map.h ...
[304/4282] Copying safeTypeCompare.h ...
[305/4282] Copying preprocessorUtilsLite.h ...
[306/4282] Copying span.h ...
[307/4282] Copying staticData.h ...
[308/4282] Building CXX object pxr/external/boost/python/CMakeFiles/python.dir/src/wrapper.cpp.o
[309/4282] Copying staticTokens.h ...
[310/4282] Copying typeInfoMap.h ...
[311/4282] Copying pyStaticTokens.h ...
[312/4282] Copying pySafePython.h ...
[313/4282] Copying type_Impl.h ...
[314/4282] Copying py3Compat.h ...
[315/4282] Copying anyUniquePtr.h ...
[316/4282] Building CXX object pxr/base/arch/CMakeFiles/arch.dir/library.cpp.o
[317/4282] Building CXX object pxr/external/boost/python/CMakeFiles/python.dir/src/import.cpp.o
[318/4282] Copying pySignatureExt.h ...
[319/4282] Copying anyWeakPtr.h ...
[320/4282] Copying compressedBits.h ...
[321/4282] Copying atomicOfstreamWrapper.h ...
[322/4282] Copying bits.h ...
[323/4282] Building CXX object pxr/base/arch/CMakeFiles/arch.dir/mallocHook.cpp.o
[324/4282] Copying bigRWMutex.h ...
[325/4282] Copying debug.h ...
[326/4282] Copying bitUtils.h ...
[327/4282] Copying denseHashSet.h ...
[328/4282] Building CXX object pxr/base/arch/CMakeFiles/arch.dir/regex.cpp.o
[329/4282] Copying diagnosticBase.h ...
[330/4282] Copying diagnostic.h ...
[331/4282] Copying debugNotice.h ...
[332/4282] Building CXX object pxr/external/boost/python/CMakeFiles/python.dir/src/object_protocol.cpp.o
[333/4282] Copying denseHashMap.h ...
[334/4282] Copying dl.h ...
[335/4282] Copying diagnosticHelper.h ...
[336/4282] Copying diagnosticMgr.h ...
[337/4282] Copying errorMark.h ...
[338/4282] Copying enum.h ...
[339/4282] Copying envSetting.h ...
[340/4282] Copying errorTransport.h ...
[341/4282] Copying error.h ...
[342/4282] Copying exception.h ...
[343/4282] Copying iterator.h ...
[344/4282] Copying expiryNotifier.h ...
[345/4282] Copying fastCompression.h ...
[346/4282] Copying fileUtils.h ...
[347/4282] Copying getenv.h ...
[348/4282] Copying hash.h ...
[349/4282] Copying nullPtr.h ...
[350/4282] Copying ostreamMethods.h ...
[351/4282] Building CXX object pxr/external/boost/python/CMakeFiles/python.dir/src/list.cpp.o
[352/4282] Copying notice.h ...
[353/4282] Copying pathUtils.h ...
[354/4282] Copying patternMatcher.h ...
[355/4282] Copying pyTracing.h ...
[356/4282] Copying pyLock.h ...
[357/4282] Copying mallocTag.h ...
[358/4282] Copying pointerAndBits.h ...
[359/4282] Copying refPtr.h ...
[360/4282] Copying pyObjWrapper.h ...
[361/4282] Copying refBase.h ...
[362/4282] Copying refPtrTracker.h ...
[363/4282] Copying regTest.h ...
[364/4282] Copying safeOutputFile.h ...
[365/4282] Copying setenv.h ...
[366/4282] Copying scopeDescription.h ...
[367/4282] Copying registryManager.h ...
[368/4282] Copying scoped.h ...
[369/4282] Building CXX object pxr/base/arch/CMakeFiles/arch.dir/threads.cpp.o
[370/4282] Copying singleton.h ...
[371/4282] Copying smallVector.h ...
[372/4282] Copying spinRWMutex.h ...
[373/4282] Copying stacked.h ...
[374/4282] Copying spinMutex.h ...
[375/4282] Copying stopwatch.h ...
[376/4282] Copying status.h ...
[377/4282] Copying stackTrace.h ...
[378/4282] Copying templateString.h ...
[379/4282] Copying stringUtils.h ...
[380/4282] Copying tf.h ...
[381/4282] Copying stl.h ...
[382/4282] Copying typeFunctions.h ...
[383/4282] Copying typeNotice.h ...
[384/4282] Copying type.h ...
[385/4282] Copying unicodeUtils.h ...
[386/4282] Copying token.h ...
[387/4282] Building CXX object pxr/base/arch/CMakeFiles/arch.dir/virtualMemory.cpp.o
[388/4282] Copying weakBase.h ...
[389/4282] Copying warning.h ...
[390/4282] Copying weakPtrFacade.h ...
[391/4282] Copying weakPtr.h ...
[392/4282] Copying pyAnnotatedBoolResult.h ...
[393/4282] Copying pyArg.h ...
[394/4282] Copying makePyConstructor.h ...
[395/4282] Copying pyClassMethod.h ...
[396/4282] Copying pyEnum.h ...
[397/4282] Copying pyCallContext.h ...
[398/4282] Copying pyCall.h ...
[399/4282] Copying pyContainerConversions.h ...
[400/4282] Copying pyExceptionState.h ...
[401/4282] Copying pyModule.h ...
[402/4282] Copying pyFunction.h ...
[403/4282] Copying pyError.h ...
[404/4282] Copying pyInterpreter.h ...
[405/4282] Copying pyIdentity.h ...
[406/4282] Copying pyNoticeWrapper.h ...
[407/4282] Copying pyModuleNotice.h ...
[408/4282] Copying pyInvoke.h ...
[409/4282] Copying pyResultConversions.h ...
[410/4282] Copying pyObjectFinder.h ...
[411/4282] Copying pyOptional.h ...
[412/4282] Copying pyOverride.h ...
[413/4282] Copying pyUtils.h ...
[414/4282] Copying pyPtrHelpers.h ...
[415/4282] Copying scriptModuleLoader.h ...
[416/4282] Copying pySingleton.h ...
[417/4282] Copying pyPolymorphic.h ...
[418/4282] Copying pxrDoubleConversion/bignum.h ...
[419/4282] Copying scopeDescriptionPrivate.h ...
[420/4282] Copying pyWrapContext.h ...
[421/4282] Copying wrapTypeHelpers.h ...
[422/4282] Copying pxrDoubleConversion/utils.h ...
[423/4282] Copying pxrDoubleConversion/cached-powers.h ...
[424/4282] Copying pxrDoubleConversion/diy-fp.h ...
[425/4282] Copying pxrDoubleConversion/ieee.h ...
[426/4282] Copying pxrDoubleConversion/double-to-string.h ...
[427/4282] Building CXX object pxr/external/boost/python/CMakeFiles/python.dir/src/object/pickle_support.cpp.o
[428/4282] Building CXX object pxr/base/arch/CMakeFiles/arch.dir/vsnprintf.cpp.o
[429/4282] Copying pxrDoubleConversion/double-conversion.h ...
[430/4282] Copying pxrDoubleConversion/fast-dtoa.h ...
[431/4282] Copying pxrLZ4/lz4.h ...
[432/4282] Building CXX object pxr/external/boost/python/CMakeFiles/python.dir/src/dict.cpp.o
[433/4282] Copying pxrDoubleConversion/bignum-dtoa.h ...
[434/4282] Copying pxrDoubleConversion/fixed-dtoa.h ...
[435/4282] Copying atomicRenameUtil.h ...
[436/4282] Copying pxrDoubleConversion/strtod.h ...
[437/4282] Copying noticeRegistry.h ...
[438/4282] Copying debugCodes.h ...
[439/4282] Copying pxrDoubleConversion/string-to-double.h ...
[440/4282] Copying pyWeakObject.h ...
[441/4282] Copying unicodeCharacterClasses.h ...
[442/4282] Copying api.h ...
[443/4282] Copying pyErrorInternal.h ...
[444/4282] Copying rapidjson/error/en.h ...
[445/4282] Copying json.h ...
[446/4282] Copying rapidjson/document.h ...
[447/4282] Building CXX object pxr/base/arch/CMakeFiles/arch.dir/symbols.cpp.o
[448/4282] Copying utils.h ...
[449/4282] Copying rapidjson/allocators.h ...
[450/4282] Copying rapidjson/encodedstream.h ...
[451/4282] Copying converter.h ...
[452/4282] Copying value.h ...
[453/4282] Copying rapidjson/encodings.h ...
[454/4282] Copying rapidjson/filereadstream.h ...
[455/4282] Copying types.h ...
[456/4282] Copying rapidjson/error/error.h ...
[457/4282] Copying rapidjson/fwd.h ...
[458/4282] Copying rapidjson/internal/diyfp.h ...
[459/4282] Copying rapidjson/filewritestream.h ...
[460/4282] Copying rapidjson/internal/dtoa.h ...
[461/4282] Copying rapidjson/internal/meta.h ...
[462/4282] Copying rapidjson/internal/pow10.h ...
[463/4282] Copying rapidjson/internal/strfunc.h ...
[464/4282] Copying rapidjson/internal/ieee754.h ...
[465/4282] Copying rapidjson/internal/itoa.h ...
[466/4282] Copying rapidjson/internal/strtod.h ...
[467/4282] Copying rapidjson/internal/regex.h ...
[468/4282] Copying rapidjson/internal/biginteger.h ...
[469/4282] Copying rapidjson/memorybuffer.h ...
[470/4282] Copying rapidjson/internal/stack.h ...
[471/4282] Copying rapidjson/msinttypes/inttypes.h ...
[472/4282] Copying rapidjson/internal/swap.h ...
[473/4282] Copying rapidjson/pointer.h ...
[474/4282] Copying rapidjson/istreamwrapper.h ...
[475/4282] Copying rapidjson/prettywriter.h ...
[476/4282] Copying rapidjson/reader.h ...
[477/4282] Copying rapidjson/schema.h ...
[478/4282] Copying rapidjson/memorystream.h ...
[479/4282] Copying rapidjson/stringbuffer.h ...
[480/4282] Copying rapidjson/stream.h ...
[481/4282] Copying rapidjson/writer.h ...
[482/4282] Copying api.h ...
[483/4282] Copying rapidjson/rapidjson.h ...
[484/4282] Copying stringHash.h ...
[485/4282] Copying rapidjson/ostreamwrapper.h ...
[486/4282] Copying trace.h ...
[487/4282] Copying rapidjson/msinttypes/stdint.h ...
[488/4282] Copying collection.h ...
[489/4282] Copying dataBuffer.h ...
[490/4282] Copying concurrentList.h ...
[491/4282] Copying collectionNotice.h ...
[492/4282] Copying counterAccumulator.h ...
[493/4282] Copying aggregateTree.h ...
[494/4282] Copying aggregateNode.h ...
[495/4282] Copying category.h ...
[496/4282] Copying eventData.h ...
[497/4282] Copying reporter.h ...
[498/4282] Copying reporterBase.h ...
[499/4282] Copying dynamicKey.h ...
[500/4282] Copying eventTree.h ...
[501/4282] Copying key.h ...
[502/4282] Copying eventContainer.h ...
[503/4282] Copying eventNode.h ...
[504/4282] Copying eventList.h ...
[505/4282] Copying event.h ...
[506/4282] Copying collector.h ...
[507/4282] Copying eventTreeBuilder.h ...
[508/4282] Copying reporterDataSourceBase.h ...
[509/4282] Copying serialization.h ...
[510/4282] Copying staticKeyData.h ...
[511/4282] Building CXX object pxr/base/arch/CMakeFiles/arch.dir/function.cpp.o
[512/4282] Copying jsonSerialization.h ...
[513/4282] Copying aggregateTreeBuilder.h ...
[514/4282] Copying bbox3d.h ...
[515/4282] Copying reporterDataSourceCollector.h ...
[516/4282] Copying reporterDataSourceCollection.h ...
[517/4282] Copying threads.h ...
[518/4282] Copying camera.h ...
[519/4282] Copying limits.h ...
[520/4282] Copying api.h ...
[521/4282] Copying dualQuatd.h ...
[522/4282] Copying declare.h ...
[523/4282] Copying colorSpace.h ...
[524/4282] Copying numericCast.h ...
[525/4282] Copying color.h ...
[526/4282] Copying traits.h ...
[527/4282] Copying ilmbase_halfLimits.h ...
[528/4282] Copying dualQuatf.h ...
[529/4282] Copying ilmbase_half.h ...
[530/4282] Copying interval.h ...
[531/4282] Copying math.h ...
[532/4282] Copying dualQuath.h ...
[533/4282] Copying gamma.h ...
[534/4282] Copying homogeneous.h ...
[535/4282] Copying line.h ...
[536/4282] Copying frustum.h ...
[537/4282] Copying half.h ...
[538/4282] Copying matrix3f.h ...
[539/4282] Copying matrix2f.h ...
[540/4282] Copying matrix3d.h ...
[541/4282] Copying matrix2d.h ...
[542/4282] Copying line2d.h ...
[543/4282] Copying lineSeg2d.h ...
[544/4282] Copying matrix4d.h ...
[545/4282] Copying matrix4f.h ...
[546/4282] Copying lineSeg.h ...
[547/4282] Copying quatd.h ...
[548/4282] Copying multiInterval.h ...
[549/4282] Copying matrixData.h ...
[550/4282] Copying plane.h ...
[551/4282] Copying quaternion.h ...
[552/4282] Copying quath.h ...
[553/4282] Copying quatf.h ...
[554/4282] Copying range1d.h ...
[555/4282] Copying range2d.h ...
[556/4282] Copying ray.h ...
[557/4282] Copying size2.h ...
[558/4282] Copying size3.h ...
[559/4282] Copying range3d.h ...
[560/4282] Copying range3f.h ...
[561/4282] Copying rect2i.h ...
[562/4282] Copying rotation.h ...
[563/4282] Copying transform.h ...
[564/4282] Copying vec2d.h ...
[565/4282] Copying vec2f.h ...
[566/4282] Copying vec2h.h ...
[567/4282] Copying vec3f.h ...
[568/4282] Copying vec2i.h ...
[569/4282] Copying vec3d.h ...
[570/4282] Copying vec3h.h ...
[571/4282] Copying vec3i.h ...
[572/4282] Copying pyBufferUtils.h ...
[573/4282] Copying vec4d.h ...
[574/4282] Copying vec4f.h ...
[575/4282] Copying vec4i.h ...
[576/4282] Copying ilmbase_toFloat.h ...
[577/4282] Copying vec4h.h ...
[578/4282] Copying range1f.h ...
[579/4282] Copying detachedTask.h ...
[580/4282] Copying range2f.h ...
[581/4282] Copying ilmbase_eLut.h ...
[582/4282] Copying ostreamHelpers.h ...
[583/4282] Copying sort.h ...
[584/4282] Copying loops.h ...
[585/4282] Copying reduce.h ...
[586/4282] Copying singularTask.h ...
[587/4282] Copying utils.h ...
[588/4282] Building CXX object pxr/external/boost/python/CMakeFiles/python.dir/src/str.cpp.o
[589/4282] Copying api.h ...
[590/4282] Copying withScopedParallelism.h ...
[591/4282] Copying nc/nanocolor.h ...
[592/4282] Copying dispatcher.h ...
[593/4282] Copying threadLimits.h ...
[594/4282] Copying api.h ...
[595/4282] Building CXX object pxr/external/boost/python/CMakeFiles/python.dir/src/converter/builtin_converters.cpp.o
[596/4282] Copying thisPlugin.h ...
[597/4282] Building CXX object pxr/external/boost/python/CMakeFiles/python.dir/src/object/function.cpp.o
[598/4282] Copying interfaceFactory.h ...
[599/4282] Copying notice.h ...
[600/4282] Copying registry.h ...
[601/4282] Copying info.h ...
[602/4282] Copying plugin.h ...
[603/4282] Copying staticInterface.h ...
[604/4282] Copying debugCodes.h ...
[605/4282] Copying api.h ...
[606/4282] Copying traits.h ...
[607/4282] Copying types.h ...
[608/4282] Copying testPlugBase.h ...
[609/4282] Copying visitValue.h ...
[610/4282] Copying array.h ...
[611/4282] Copying hash.h ...
[612/4282] Copying pyOperators.h ...
[613/4282] Copying value.h ...
[614/4282] Copying typeHeaders.h ...
[615/4282] Copying streamOut.h ...
[616/4282] Copying valueFromPython.h ...
[617/4282] Copying arrayPyBuffer.h ...
[618/4282] Copying dictionary.h ...
[619/4282] Copying api.h ...
[620/4282] Copying binary.h ...
[621/4282] Copying debugCodes.h ...
[622/4282] Copying eval.h ...
[623/4282] Building CXX object pxr/external/boost/python/CMakeFiles/python.dir/src/object/class.cpp.o
[624/4282] Copying wrapArray.h ...
[625/4282] Copying valueTypeDispatch.h ...
[626/4282] Copying tangentConversions.h ...
[627/4282] Copying knot.h ...
[628/4282] Copying knotData.h ...
[629/4282] Copying regressionPreventer.h ...
[630/4282] Copying typeHelpers.h ...
[631/4282] Copying defineResolverContext.h ...
[632/4282] Copying spline.h ...
[633/4282] Copying splineData.h ...
[634/4282] Copying types.h ...
[635/4282] Copying ar.h ...
[636/4282] Copying knotMap.h ...
[637/4282] Copying asset.h ...
[638/4282] Copying api.h ...
[639/4282] Copying threadLocalScopedCache.h ...
[640/4282] Copying defaultResolver.h ...
[641/4282] Copying sample.h ...
[642/4282] Copying raii.h ...
[643/4282] Copying packageResolver.h ...
[644/4282] Copying defineResolver.h ...
[645/4282] Copying defaultResolverContext.h ...
[646/4282] Copying definePackageResolver.h ...
[647/4282] Copying notice.h ...
[648/4282] Copying writableAsset.h ...
[649/4282] Copying assetInfo.h ...
[650/4282] Copying inMemoryAsset.h ...
[651/4282] Copying resolvedPath.h ...
[652/4282] Copying resolver.h ...
[653/4282] Copying timestamp.h ...
[654/4282] Copying filesystemAsset.h ...
[655/4282] Copying filesystemWritableAsset.h ...
[656/4282] Copying packageUtils.h ...
[657/4282] Copying resolverContext.h ...
[658/4282] Copying resolverContextBinder.h ...
[659/4282] Copying resolverScopedCache.h ...
[660/4282] Copying pyResolverContext.h ...
[661/4282] Copying debugCodes.h ...
[662/4282] Copying pegtl/apply_mode.hpp ...
[663/4282] Copying testenv/TestArURIResolver_plugin.h ...
[664/4282] Copying pegtl/argv_input.hpp ...
[665/4282] Copying pegtl/change_state.hpp ...
[666/4282] Copying pegtl/ascii.hpp ...
[667/4282] Copying pegtl.hpp ...
[668/4282] Copying pegtl/buffer_input.hpp ...
[669/4282] Copying pegtl/change_action.hpp ...
[670/4282] Copying pegtl/change_action_and_state.hpp ...
[671/4282] Copying pegtl/contrib/abnf.hpp ...
[672/4282] Copying pegtl/contrib/check_bytes.hpp ...
[673/4282] Copying pegtl/contrib/add_state.hpp ...
[674/4282] Copying pegtl/config.hpp ...
[675/4282] Copying pegtl/contrib/alphabet.hpp ...
[676/4282] Copying pegtl/change_control.hpp ...
[677/4282] Copying pegtl/change_states.hpp ...
[678/4282] Copying pegtl/contrib/control_action.hpp ...
[679/4282] Copying pegtl/contrib/function.hpp ...
[680/4282] Copying pegtl/contrib/http.hpp ...
[681/4282] Copying pegtl/change_action_and_states.hpp ...
[682/4282] Copying pegtl/contrib/coverage.hpp ...
[683/4282] Copying pegtl/contrib/forward.hpp ...
[684/4282] Copying pegtl/contrib/icu/utf32.hpp ...
[685/4282] Copying pegtl/contrib/icu/utf8.hpp ...
[686/4282] Copying pegtl/contrib/analyze.hpp ...
[687/4282] Copying pegtl/contrib/icu/utf16.hpp ...
[688/4282] Copying pegtl/contrib/icu/internal.hpp ...
[689/4282] Copying pegtl/contrib/analyze_traits.hpp ...
[690/4282] Copying pegtl/contrib/if_then.hpp ...
[691/4282] Copying pegtl/contrib/internal/endian_win.hpp ...
[692/4282] Copying pegtl/contrib/integer.hpp ...
[693/4282] Copying pegtl/contrib/internal/endian.hpp ...
[694/4282] Copying pegtl/contrib/internal/peek_mask_uint.hpp ...
[695/4282] Copying pegtl/contrib/internal/peek_mask_uint8.hpp ...
[696/4282] Copying pegtl/contrib/instantiate.hpp ...
[697/4282] Copying pegtl/contrib/internal/endian_gcc.hpp ...
[698/4282] Copying pegtl/contrib/internal/peek_uint8.hpp ...
[699/4282] Copying pegtl/contrib/internal/read_uint.hpp ...
[700/4282] Copying pegtl/contrib/internal/peek_uint.hpp ...
[701/4282] Copying pegtl/contrib/internal/peek_utf32.hpp ...
[702/4282] Copying pegtl/contrib/internal/peek_utf16.hpp ...
[703/4282] Copying pegtl/contrib/iri.hpp ...
[704/4282] Copying pegtl/contrib/json_pointer.hpp ...
[705/4282] Copying pegtl/contrib/internal/vector_stack_guard.hpp ...
[706/4282] Copying pegtl/contrib/internal/set_stack_guard.hpp ...
[707/4282] Copying pegtl/contrib/json.hpp ...
[708/4282] Copying pegtl/contrib/limit_bytes.hpp ...
[709/4282] Copying pegtl/contrib/peg.hpp ...
[710/4282] Copying pegtl/contrib/parse_tree.hpp ...
[711/4282] Copying pegtl/contrib/limit_depth.hpp ...
[712/4282] Copying pegtl/contrib/parse_tree_to_dot.hpp ...
[713/4282] Copying pegtl/contrib/print.hpp ...
[714/4282] Copying pegtl/contrib/remove_first_state.hpp ...
[715/4282] Building CXX object pxr/base/arch/CMakeFiles/arch.dir/fileSystem.cpp.o
[716/4282] Copying pegtl/contrib/print_coverage.hpp ...
[717/4282] Copying pegtl/contrib/predicates.hpp ...
[718/4282] Copying pegtl/contrib/uint32.hpp ...
[719/4282] Copying pegtl/contrib/proto3.hpp ...
[720/4282] Copying pegtl/contrib/raw_string.hpp ...
[721/4282] Copying pegtl/contrib/rep_one_min_max.hpp ...
[722/4282] Copying pegtl/contrib/rep_string.hpp ...
[723/4282] Copying pegtl/contrib/shuffle_states.hpp ...
[724/4282] Copying pegtl/contrib/uint16.hpp ...
[725/4282] Copying pegtl/contrib/remove_last_states.hpp ...
[726/4282] Copying pegtl/contrib/state_control.hpp ...
[727/4282] Copying pegtl/contrib/to_string.hpp ...
[728/4282] Copying pegtl/contrib/separated_seq.hpp ...
[729/4282] Copying pegtl/contrib/trace.hpp ...
[730/4282] Copying pegtl/contrib/unescape.hpp ...
[731/4282] Copying pegtl/contrib/uint64.hpp ...
[732/4282] Copying pegtl/contrib/uri.hpp ...
[733/4282] Copying pegtl/discard_input.hpp ...
[734/4282] Copying pegtl/cstream_input.hpp ...
[735/4282] Copying pegtl/contrib/uint8.hpp ...
[736/4282] Copying pegtl/demangle.hpp ...
[737/4282] Copying pegtl/discard_input_on_success.hpp ...
[738/4282] Copying pegtl/contrib/utf32.hpp ...
[739/4282] Copying pegtl/disable_action.hpp ...
[740/4282] Copying pegtl/discard_input_on_failure.hpp ...
[741/4282] Copying pegtl/contrib/utf16.hpp ...
[742/4282] Building CXX object pxr/base/arch/CMakeFiles/arch.dir/systemInfo.cpp.o
[743/4282] Copying pegtl/enable_action.hpp ...
[744/4282] Copying pegtl/file_input.hpp ...
[745/4282] Copying pegtl/internal/action.hpp ...
[746/4282] Copying pegtl/eol.hpp ...
[747/4282] Copying pegtl/internal/action_input.hpp ...
[748/4282] Copying pegtl/internal/apply0_single.hpp ...
[749/4282] Copying pegtl/internal/apply_single.hpp ...
[750/4282] Copying pegtl/eol_pair.hpp ...
[751/4282] Copying pegtl/internal/any.hpp ...
[752/4282] Copying pegtl/internal/apply.hpp ...
[753/4282] Copying pegtl/internal/at.hpp ...
[754/4282] Copying pegtl/internal/bol.hpp ...
[755/4282] Copying pegtl/internal/bof.hpp ...
[756/4282] Copying pegtl/internal/apply0.hpp ...
[757/4282] Copying pegtl/internal/control.hpp ...
[758/4282] Copying pegtl/internal/crlf_eol.hpp ...
[759/4282] Copying pegtl/internal/cr_eol.hpp ...
[760/4282] Copying pegtl/internal/bump.hpp ...
[761/4282] Copying pegtl/internal/cr_crlf_eol.hpp ...
[762/4282] Copying pegtl/internal/cstring_reader.hpp ...
[763/4282] Copying pegtl/internal/bytes.hpp ...
[764/4282] Copying pegtl/internal/cstream_reader.hpp ...
[765/4282] Copying pegtl/internal/dependent_false.hpp ...
[766/4282] Copying pegtl/internal/bump_help.hpp ...
[767/4282] Copying pegtl/internal/disable.hpp ...
[768/4282] Copying pegtl/internal/eof.hpp ...
[769/4282] Building CXX object pxr/external/boost/python/CMakeFiles/python.dir/src/object/enum.cpp.o
[770/4282] Copying pegtl/internal/eol.hpp ...
[771/4282] Copying pegtl/internal/file_mapper_posix.hpp ...
[772/4282] Copying pegtl/internal/discard.hpp ...
[773/4282] Copying pegtl/internal/failure.hpp ...
[774/4282] Copying pegtl/internal/enable.hpp ...
[775/4282] Copying pegtl/internal/enable_control.hpp ...
[776/4282] Copying pegtl/internal/identifier.hpp ...
[777/4282] Copying pegtl/internal/if_apply.hpp ...
[778/4282] Copying pegtl/internal/file_mapper_win32.hpp ...
[779/4282] Copying pegtl/internal/file_reader.hpp ...
[780/4282] Copying pegtl/internal/filesystem.hpp ...
[781/4282] Copying pegtl/internal/eolf.hpp ...
[782/4282] Copying pegtl/internal/has_apply0.hpp ...
[783/4282] Copying pegtl/internal/has_apply.hpp ...
[784/4282] Copying pegtl/internal/istring.hpp ...
[785/4282] Copying pegtl/internal/if_must_else.hpp ...
[786/4282] Copying pegtl/internal/if_must.hpp ...
[787/4282] Copying pegtl/internal/has_match.hpp ...
[788/4282] Copying pegtl/internal/lf_eol.hpp ...
[789/4282] Copying pegtl/internal/istream_reader.hpp ...
[790/4282] Copying pegtl/internal/iterator.hpp ...
[791/4282] Copying pegtl/internal/list_must.hpp ...
[792/4282] Copying pegtl/internal/input_pair.hpp ...
[793/4282] Copying pegtl/internal/if_then_else.hpp ...
[794/4282] Copying pegtl/internal/has_unwind.hpp ...
[795/4282] Copying pegtl/internal/marker.hpp ...
[796/4282] Copying pegtl/internal/missing_apply.hpp ...
[797/4282] Copying pegtl/internal/missing_apply0.hpp ...
[798/4282] Copying pegtl/internal/lf_crlf_eol.hpp ...
[799/4282] Copying pegtl/internal/list_tail.hpp ...
[800/4282] Copying pegtl/internal/list_tail_pad.hpp ...
[801/4282] Copying pegtl/internal/minus.hpp ...
[802/4282] Copying pegtl/internal/not_at.hpp ...
[803/4282] Copying pegtl/internal/pad_opt.hpp ...
[804/4282] Copying pegtl/internal/one.hpp ...
[805/4282] Copying pegtl/internal/must.hpp ...
[806/4282] Copying pegtl/internal/list.hpp ...
[807/4282] Copying pegtl/internal/opt.hpp ...
[808/4282] Copying pegtl/internal/peek_char.hpp ...
[809/4282] Copying pegtl/internal/path_to_string.hpp ...
[810/4282] Copying pegtl/internal/peek_utf8.hpp ...
[811/4282] Copying pegtl/internal/pad.hpp ...
[812/4282] Copying pegtl/internal/pegtl_string.hpp ...
[813/4282] Copying pegtl/internal/plus.hpp ...
[814/4282] Copying pegtl/internal/raise.hpp ...
[815/4282] Copying pegtl/internal/ranges.hpp ...
[816/4282] Copying pegtl/internal/rep_min_max.hpp ...
[817/4282] Copying pegtl/internal/rules.hpp ...
[818/4282] Copying pegtl/internal/try_catch_type.hpp ...
[819/4282] Copying pegtl/internal/rematch.hpp ...
[820/4282] Copying pegtl/internal/rep.hpp ...
[821/4282] Copying pegtl/internal/state.hpp ...
[822/4282] Copying pegtl/internal/range.hpp ...
[823/4282] Copying pegtl/internal/rep_opt.hpp ...
[824/4282] Copying pegtl/internal/require.hpp ...
[825/4282] Copying pegtl/internal/star.hpp ...
[826/4282] Copying pegtl/normal.hpp ...
[827/4282] Copying pegtl/internal/star_must.hpp ...
[828/4282] Copying pegtl/parse.hpp ...
[829/4282] Copying pegtl/internal/sor.hpp ...
[830/4282] Copying pegtl/istream_input.hpp ...
[831/4282] Copying pegtl/match.hpp ...
[832/4282] Copying pegtl/internal/string.hpp ...
[833/4282] Copying pegtl/internal/success.hpp ...
[834/4282] Copying pegtl/must_if.hpp ...
[835/4282] Copying pegtl/parse_error.hpp ...
[836/4282] Copying pegtl/internal/rep_min.hpp ...
[837/4282] Copying pegtl/internal/result_on_found.hpp ...
[838/4282] Copying pegtl/internal/unwind_guard.hpp ...
[839/4282] Copying pegtl/internal/seq.hpp ...
[840/4282] Copying pegtl/internal/until.hpp ...
[841/4282] Copying pegtl/nothing.hpp ...
[842/4282] Copying pegtl/mmap_input.hpp ...
[843/4282] Copying pegtl/memory_input.hpp ...
[844/4282] Copying pegtl/position.hpp ...
[845/4282] Copying pegtl/rewind_mode.hpp ...
[846/4282] Copying pegtl/read_input.hpp ...
[847/4282] Copying pegtl/require_apply0.hpp ...
[848/4282] Copying pegtl/utf8.hpp ...
[849/4282] Copying api.h ...
[850/4282] Copying pegtl/string_input.hpp ...
[851/4282] Copying pegtl/type_list.hpp ...
[852/4282] Copying pegtl/require_apply.hpp ...
[853/4282] Copying allowed.h ...
[854/4282] Copying pegtl/rules.hpp ...
[855/4282] Copying pegtl/visit.hpp ...
[856/4282] Copying accessorHelpers.h ...
[857/4282] Copying layerHints.h ...
[858/4282] Copying pegtl/tracking_mode.hpp ...
[859/4282] Copying pegtl/version.hpp ...
[860/4282] Copying pathPatternParser.h ...
[861/4282] Copying predicateExpressionParser.h ...
[862/4282] Copying predicateProgram.h ...
[863/4282] Copying abstractData.h ...
[864/4282] Copying declareSpec.h ...
[865/4282] Copying schemaTypeRegistration.h ...
[866/4282] Copying attributeSpec.h ...
[867/4282] Copying children.h ...
[868/4282] Copying changeList.h ...
[869/4282] Copying assetPath.h ...
[870/4282] Copying childrenUtils.h ...
[871/4282] Copying childrenView.h ...
[872/4282] Copying cleanupEnabler.h ...
[873/4282] Copying childrenPolicies.h ...
[874/4282] Copying copyUtils.h ...
[875/4282] Copying listOp.h ...
[876/4282] Copying childrenProxy.h ...
[877/4282] Copying data.h ...
[878/4282] Copying changeBlock.h ...
[879/4282] Copying layer.h ...
[880/4282] Copying layerStateDelegate.h ...
[881/4282] Copying layerUtils.h ...
[882/4282] Copying listEditor.h ...
[883/4282] Copying listProxy.h ...
[884/4282] Copying declareHandles.h ...
[885/4282] Copying layerOffset.h ...
[886/4282] Copying fileFormat.h ...
[887/4282] Copying layerTree.h ...
[888/4282] Copying listEditorProxy.h ...
[889/4282] Copying mapEditProxy.h ...
[890/4282] Copying mapEditor.h ...
[891/4282] Copying pathExpressionEval.h ...
[892/4282] Copying opaqueValue.h ...
[893/4282] Copying identity.h ...
[894/4282] Copying namespaceEdit.h ...
[895/4282] Building CXX object pxr/base/pegtl/CMakeFiles/pegtl.dir/build-workaround.cpp.o
[896/4282] Copying notice.h ...
[897/4282] Copying pathTable.h ...
[898/4282] Copying payload.h ...
[899/4282] Copying pathExpression.h ...
[900/4282] Copying path.h ...
[901/4282] Copying pathNode.h ...
[902/4282] Copying pathPattern.h ...
[903/4282] Copying pool.h ...
[904/4282] Copying pseudoRootSpec.h ...
[905/4282] Copying predicateLibrary.h ...
[906/4282] Copying primSpec.h ...
[907/4282] Copying siteUtils.h ...
[908/4282] Copying propertySpec.h ...
[909/4282] Copying schema.h ...
[910/4282] Copying site.h ...
[911/4282] Copying spec.h ...
[912/4282] Copying textFileFormat.h ...
[913/4282] Copying variableExpression.h ...
[914/4282] Copying predicateExpression.h ...
[915/4282] Copying proxyPolicies.h ...
[916/4282] Copying proxyTypes.h ...
[917/4282] Copying specType.h ...
[918/4282] Copying timeCode.h ...
[919/4282] Copying tokens.h ...
[920/4282] Copying reference.h ...
[921/4282] Copying types.h ...
[922/4282] Copying pyChildrenProxy.h ...
[923/4282] Copying relationshipSpec.h ...
[924/4282] Copying pyMapEditProxy.h ...
[925/4282] Copying valueTypeName.h ...
[926/4282] Copying pyChildrenView.h ...
[927/4282] Copying variantSpec.h ...
[928/4282] Copying pyListEditorProxy.h ...
[929/4282] Copying pyListProxy.h ...
[930/4282] Copying variantSetSpec.h ...
[931/4282] Copying assetPathResolver.h ...
[932/4282] Copying changeManager.h ...
[933/4282] Copying pyListOp.h ...
[934/4282] Copying pyUtils.h ...
[935/4282] Copying debugCodes.h ...
[936/4282] Copying fileIO.h ...
[937/4282] Copying connectionListEditor.h ...
[938/4282] Copying fileIO_Common.h ...
[939/4282] Copying listOpListEditor.h ...
[940/4282] Copying pySpec.h ...
[941/4282] Copying valueTypePrivate.h ...
[942/4282] Copying pathParser.h ...
[943/4282] Copying cleanupTracker.h ...
[944/4282] Copying instantiatePool.h ...
[945/4282] Copying layerRegistry.h ...
[946/4282] Copying textFileFormatParser.h ...
[947/4282] Copying parserHelpers.h ...
[948/4282] Copying parserValueContext.h ...
[949/4282] Copying textParserHelpers.h ...
[950/4282] Copying variableExpressionParser.h ...
[951/4282] Copying valueTypeRegistry.h ...
[952/4282] Copying vectorListEditor.h ...
[953/4282] Copying subLayerListEditor.h ...
[954/4282] Copying api.h ...
[955/4282] Copying textParserContext.h ...
[956/4282] Copying arc.h ...
[957/4282] Copying registry.h ...
[958/4282] Copying api.h ...
[959/4282] Copying variableExpressionImpl.h ...
[960/4282] Copying cache.h ...
[961/4282] Copying dependency.h ...
[962/4282] Copying composeSite.h ...
[963/4282] Copying dynamicFileFormatContext.h ...
[964/4282] Copying fileFormatRegistry.h ...
[965/4282] Copying dynamicFileFormatDependencyData.h ...
[966/4282] Copying iterator.h ...
[967/4282] Copying layerStackIdentifier.h ...
[968/4282] Copying expressionVariablesSource.h ...
[969/4282] Copying expressionVariablesDependencyData.h ...
[970/4282] Copying dependentNamespaceEditUtils.h ...
[971/4282] Copying dynamicFileFormatInterface.h ...
[972/4282] Copying instanceKey.h ...
[973/4282] Copying errors.h ...
[974/4282] Copying layerStack.h ...
[975/4282] Copying layerRelocatesEditBuilder.h ...
[976/4282] Copying changes.h ...
[977/4282] Copying pathTranslation.h ...
[978/4282] Copying mapExpression.h ...
[979/4282] Copying node.h ...
[980/4282] Copying mapFunction.h ...
[981/4282] Copying site.h ...
[982/4282] Copying propertyIndex.h ...
[983/4282] Copying primIndex.h ...
[984/4282] Copying dependencies.h ...
[985/4282] Copying namespaceEdits.h ...
[986/4282] Copying expressionVariables.h ...
[987/4282] Copying types.h ...
[988/4282] Copying targetIndex.h ...
[989/4282] Copying statistics.h ...
[990/4282] Copying layerStackRegistry.h ...
[991/4282] Copying strengthOrdering.h ...
[992/4282] Copying diagnostic.h ...
[993/4282] Copying pyUtils.h ...
[994/4282] Copying primIndex_StackFrame.h ...
[995/4282] Copying utils.h ...
[996/4282] Copying debugCodes.h ...
[997/4282] Copying filesystemDiscovery.h ...
[998/4282] Copying instancing.h ...
[999/4282] Copying api.h ...
[1000/4282] Copying primIndex_Graph.h ...
[1001/4282] Copying debugCodes.h ...
[1002/4282] Copying traversalCache.h ...
[1003/4282] Copying node.h ...
[1004/4282] Copying node_Iterator.h ...
[1005/4282] Copying discoveryPlugin.h ...
[1006/4282] Copying property.h ...
[1007/4282] Copying sdfTypeIndicator.h ...
[1008/4282] Copying flattenUtils.h ...
[1009/4282] Copying filesystemDiscoveryHelpers.h ...
[1010/4282] Copying common.h ...
[1011/4282] Copying registry.h ...
[1012/4282] Copying nodeDiscoveryResult.h ...
[1013/4282] Copying declare.h ...
[1014/4282] Copying parserPlugin.h ...
[1015/4282] Copying api.h ...
[1016/4282] Copying editTarget.h ...
[1017/4282] Copying attributeQuery.h ...
[1018/4282] Copying editContext.h ...
[1019/4282] Copying errors.h ...
[1020/4282] Copying crateInfo.h ...
[1021/4282] Copying inherits.h ...
[1022/4282] Copying interpolation.h ...
[1023/4282] Copying collectionPredicateLibrary.h ...
[1024/4282] Copying attribute.h ...
[1025/4282] Copying debugCodes.h ...
[1026/4282] Copying namespaceEditor.h ...
[1027/4282] Copying primDefinition.h ...
[1028/4282] Copying collectionMembershipQuery.h ...
[1029/4282] Copying primCompositionQuery.h ...
[1030/4282] Copying primRange.h ...
[1031/4282] Copying object.h ...
[1032/4282] Copying notice.h ...
[1033/4282] Copying property.h ...
[1034/4282] Copying references.h ...
[1035/4282] Copying primData.h ...
[1036/4282] Copying resolveTarget.h ...
[1037/4282] Copying primDataHandle.h ...
[1038/4282] Copying prim.h ...
[1039/4282] Copying primFlags.h ...
[1040/4282] Copying relationship.h ...
[1041/4282] Copying payloads.h ...
[1042/4282] Copying resolveInfo.h ...
[1043/4282] Copying stage.h ...
[1044/4282] Copying stageCacheContext.h ...
[1045/4282] Copying primTypeInfo.h ...
[1046/4282] Copying stageLoadRules.h ...
[1047/4282] Copying stagePopulationMask.h ...
[1048/4282] Copying resolver.h ...
[1049/4282] Copying specializes.h ...
[1050/4282] Copying usdzFileFormat.h ...
[1051/4282] Copying schemaBase.h ...
[1052/4282] Copying stageCache.h ...
[1053/4282] Copying schemaRegistry.h ...
[1054/4282] Copying colorSpaceDefinitionAPI.h ...
[1055/4282] Copying timeCode.h ...
[1056/4282] Copying variantSets.h ...
[1057/4282] Copying apiSchemaBase.h ...
[1058/4282] Copying usdFileFormat.h ...
[1059/4282] Copying pyEditContext.h ...
[1060/4282] Copying usdcFileFormat.h ...
[1061/4282] Copying colorSpaceAPI.h ...
[1062/4282] Copying zipFile.h ...
[1063/4282] Copying clipsAPI.h ...
[1064/4282] Copying wrapUtils.h ...
[1065/4282] Copying pyConversions.h ...
[1066/4282] Copying usdaFileFormat.h ...
[1067/4282] Copying collectionAPI.h ...
[1068/4282] Copying modelAPI.h ...
[1069/4282] Copying instanceKey.h ...
[1070/4282] Copying listEditImpl.h ...
[1071/4282] Copying testenv/TestUsdResolverChangedResolver.h ...
[1072/4282] Copying clipSet.h ...
[1073/4282] Copying crateData.h ...
[1074/4282] Copying usdzResolver.h ...
[1075/4282] Copying typed.h ...
[1076/4282] Copying clipCache.h ...
[1077/4282] Copying crateFile.h ...
[1078/4282] Copying clip.h ...
[1079/4282] Copying crateDataTypes.h ...
[1080/4282] Copying clipSetDefinition.h ...
[1081/4282] Copying tokens.h ...
[1082/4282] Copying debugCodes.h ...
[1083/4282] Copying crateValueInliners.h ...
[1084/4282] Copying primTypeInfoCache.h ...
[1085/4282] Copying interpolators.h ...
[1086/4282] Copying instanceCache.h ...
[1087/4282] Copying api.h ...
[1088/4282] Copying valueUtils.h ...
[1089/4282] Copying discoveryPlugin.h ...
[1090/4282] Copying integerCoding.h ...
[1091/4282] Copying shaderNodeDiscoveryResult.h ...
[1092/4282] Copying parserPlugin.h ...
[1093/4282] Copying shaderMetadataHelpers.h ...
[1094/4282] Copying filesystemDiscoveryHelpers.h ...
[1095/4282] Copying registry.h ...
[1096/4282] Copying sdfTypeIndicator.h ...
[1097/4282] Copying filesystemDiscovery.h ...
[1098/4282] Copying declare.h ...
[1099/4282] Copying xformCache.h ...
[1100/4282] Copying shaderNode.h ...
[1101/4282] Copying primvar.h ...
[1102/4282] Copying debugCodes.h ...
[1103/4282] Copying xformOp.h ...
[1104/4282] Copying boundableComputeExtent.h ...
[1105/4282] Copying basisCurves.h ...
[1106/4282] Copying shaderProperty.h ...
[1107/4282] Copying bboxCache.h ...
[1108/4282] Copying metrics.h ...
[1109/4282] Copying api.h ...
[1110/4282] Copying cone.h ...
[1111/4282] Copying camera.h ...
[1112/4282] Copying curves.h ...
[1113/4282] Copying constraintTarget.h ...
[1114/4282] Copying capsule.h ...
[1115/4282] Copying cube.h ...
[1116/4282] Copying capsule_1.h ...
[1117/4282] Copying cylinder_1.h ...
[1118/4282] Copying cylinder.h ...
[1119/4282] Copying boundable.h ...
[1120/4282] Copying hermiteCurves.h ...
[1121/4282] Copying primvarsAPI.h ...
[1122/4282] Copying pointBased.h ...
[1123/4282] Copying gprim.h ...
[1124/4282] Copying modelAPI.h ...
[1125/4282] Copying nurbsCurves.h ...
[1126/4282] Copying mesh.h ...
[1127/4282] Copying plane.h ...
[1128/4282] Copying subset.h ...
[1129/4282] Copying motionAPI.h ...
[1130/4282] Copying scope.h ...
[1131/4282] Copying imageable.h ...
[1132/4282] Copying sphere.h ...
[1133/4282] Copying pointInstancer.h ...
[1134/4282] Copying points.h ...
[1135/4282] Copying nurbsPatch.h ...
[1136/4282] Copying tokens.h ...
[1137/4282] Copying shaderDefParser.h ...
[1138/4282] Copying tetMesh.h ...
[1139/4282] Copying xformCommonAPI.h ...
[1140/4282] Copying api.h ...
[1141/4282] Copying xformable.h ...
[1142/4282] Copying output.h ...
[1143/4282] Copying visibilityAPI.h ...
[1144/4282] Copying xform.h ...
[1145/4282] Copying input.h ...
[1146/4282] Copying shaderDefUtils.h ...
[1147/4282] Copying samplingUtils.h ...
[1148/4282] Copying connectableAPIBehavior.h ...
[1149/4282] Copying api.h ...
[1150/4282] Copying accessibilityAPI.h ...
[1151/4282] Copying tokens.h ...
[1152/4282] Copying nodeDefAPI.h ...
[1153/4282] Copying coordSysAPI.h ...
[1154/4282] Copying types.h ...
[1155/4282] Copying udimUtils.h ...
[1156/4282] Copying connectableAPI.h ...
[1157/4282] Copying materialBindingAPI.h ...
[1158/4282] Copying material.h ...
[1159/4282] Copying nodeGraph.h ...
[1160/4282] Copying backdrop.h ...
[1161/4282] Copying utils.h ...
[1162/4282] Copying authoring.h ...
[1163/4282] Copying sceneGraphPrimAPI.h ...
[1164/4282] Copying api.h ...
[1165/4282] Copying shader.h ...
[1166/4282] Copying tokens.h ...
[1167/4282] Copying userProcessingFunc.h ...
[1168/4282] Copying pipeline.h ...
[1169/4282] Copying nodeGraphNodeAPI.h ...
[1170/4282] Copying dependencies.h ...
[1171/4282] Copying registeredVariantSet.h ...
[1172/4282] Copying sparseValueWriter.h ...
[1173/4282] Copying debugCodes.h ...
[1174/4282] Copying localizeAsset.h ...
[1175/4282] Copying conditionalAbortDiagnosticDelegate.h ...
[1176/4282] Copying stitch.h ...
[1177/4282] Copying coalescingDiagnosticDelegate.h ...
[1178/4282] Copying flattenLayerStack.h ...
[1179/4282] Copying introspection.h ...
[1180/4282] Copying assetLocalization.h ...
[1181/4282] Copying gl.h ...
[1182/4282] Copying khrplatform.h ...
[1183/4282] Copying glPlatformDebugContext.h ...
[1184/4282] Copying api.h ...
[1185/4282] Copying stitchClips.h ...
[1186/4282] Copying assetLocalizationPackage.h ...
[1187/4282] Copying glDebugWindow.h ...
[1188/4282] Copying stageCache.h ...
[1189/4282] Copying timeCodeRange.h ...
[1190/4282] Copying assetLocalizationDelegate.h ...
[1191/4282] Copying glPlatformContext.h ...
[1192/4282] Copying api.h ...
[1193/4282] Copying meshTopologyValidation.h ...
[1194/4282] Copying diagnostic.h ...
[1195/4282] Copying usdzPackage.h ...
[1196/4282] Copying glPlatformContextGLX.h ...
[1197/4282] Copying glPlatformDebugWindowGLX.h ...
[1198/4282] Copying perfLog.h ...
[1199/4282] Copying glApi.h ...
[1200/4282] Copying meshTopology.h ...
[1201/4282] Copying refinerFactory.h ...
[1202/4282] Copying subdivTags.h ...
[1203/4282] Copying api.h ...
[1204/4282] Copying tokens.h ...
[1205/4282] Copying pluginEntry.h ...
[1206/4282] Copying pluginRegistry.h ...
[1207/4282] Copying pluginBase.h ...
[1208/4282] Copying image.h ...
[1209/4282] Copying glslfxConfig.h ...
[1210/4282] Copying types.h ...
[1211/4282] Copying api.h ...
[1212/4282] Copying fieldTextureData.h ...
[1213/4282] Copying glslfx.h ...
[1214/4282] Copying stb/stb_image_write.h ...
[1215/4282] Copying fieldBase.h ...
[1216/4282] Copying glslfxResourceLayout.h ...
[1217/4282] Copying OpenEXR/openexr-c.h ...
[1218/4282] Copying imageRegistry.h ...
[1219/4282] Copying rankedTypeMap.h ...
[1220/4282] Copying stb/stb_image.h ...
[1221/4282] Copying field3DAsset.h ...
[1222/4282] Copying stb/stb_image_resize2.h ...
[1223/4282] Copying debugCodes.h ...
[1224/4282] Copying dictionary.h ...
[1225/4282] Copying api.h ...
[1226/4282] Copying api.h ...
[1227/4282] Copying fieldAsset.h ...
[1228/4282] Copying openVDBAsset.h ...
[1229/4282] Copying blackbody.h ...
[1230/4282] Copying cylinderLight.h ...
[1231/4282] Copying tokens.h ...
[1232/4282] Copying boundableLightBase.h ...
[1233/4282] Copying volume.h ...
[1234/4282] Copying distantLight.h ...
[1235/4282] Copying pluginDesc.h ...
[1236/4282] Copying diskLight.h ...
[1237/4282] Copying geometryLight.h ...
[1238/4282] Copying listAPI.h ...
[1239/4282] Copying lightFilter.h ...
[1240/4282] Copying domeLight.h ...
[1241/4282] Copying domeLight_1.h ...
[1242/4282] Copying meshLightAPI.h ...
[1243/4282] Copying nonboundableLightBase.h ...
[1244/4282] Copying lightListAPI.h ...
[1245/4282] Copying pluginLight.h ...
[1246/4282] Copying lightAPI.h ...
[1247/4282] Copying shadowAPI.h ...
[1248/4282] Copying pluginLightFilter.h ...
[1249/4282] Copying pass.h ...
[1250/4282] Copying api.h ...
[1251/4282] Copying shapingAPI.h ...
[1252/4282] Copying portalLight.h ...
[1253/4282] Copying discoveryPlugin.h ...
[1254/4282] Copying rectLight.h ...
[1255/4282] Copying spec.h ...
[1256/4282] Copying sphereLight.h ...
[1257/4282] Copying volumeLightAPI.h ...
[1258/4282] Copying api.h ...
[1259/4282] Copying lightDefParser.h ...
[1260/4282] Copying settings.h ...
[1261/4282] Copying product.h ...
[1262/4282] Copying settingsBase.h ...
[1263/4282] Copying utils.h ...
[1264/4282] Copying tokens.h ...
[1265/4282] Copying debugCodes.h ...
[1266/4282] Copying var.h ...
[1267/4282] Copying tokens.h ...
[1268/4282] Copying reader.h ...
[1269/4282] Copying discoveryPlugin.h ...
[1270/4282] Copying backdoor.h ...
[1271/4282] Copying generativeProceduralAPI.h ...
[1272/4282] Copying api.h ...
[1273/4282] Copying tokens.h ...
[1274/4282] Copying api.h ...
[1275/4282] Copying tokens.h ...
[1276/4282] Copying materialXConfigAPI.h ...
[1277/4282] Copying conformWindow.h ...
[1278/4282] Copying framing.h ...
[1279/4282] Copying cuboidMeshGenerator.h ...
[1280/4282] Copying cylinderMeshGenerator.h ...
[1281/4282] Copying diskMeshGenerator.h ...
[1282/4282] Copying planeMeshGenerator.h ...
[1283/4282] Copying fileFormat.h ...
[1284/4282] Copying api.h ...
[1285/4282] Copying coneMeshGenerator.h ...
[1286/4282] Copying meshGeneratorBase.h ...
[1287/4282] Copying api.h ...
[1288/4282] Copying screenWindowParameters.h ...
[1289/4282] Copying diagnostic.h ...
[1290/4282] Copying tokens.h ...
[1291/4282] Copying contextCaps.h ...
[1292/4282] Copying sphereMeshGenerator.h ...
[1293/4282] Copying drawTarget.h ...
[1294/4282] Copying glRawContext.h ...
[1295/4282] Copying capsuleMeshGenerator.h ...
[1296/4282] Copying bindingMap.h ...
[1297/4282] Copying info.h ...
[1298/4282] Copying simpleLightingContext.h ...
[1299/4282] Copying glContext.h ...
[1300/4282] Copying utils.h ...
[1301/4282] Copying simpleLight.h ...
[1302/4282] Copying texture.h ...
[1303/4282] Copying debugCodes.h ...
[1304/4282] Copying api.h ...
[1305/4282] Copying simpleMaterial.h ...
[1306/4282] Copying testGLContext.h ...
[1307/4282] Copying attachmentDesc.h ...
[1308/4282] Copying handle.h ...
[1309/4282] Copying uniformBlock.h ...
[1310/4282] Copying glContextRegistry.h ...
[1311/4282] Copying enums.h ...
[1312/4282] Copying debugCodes.h ...
[1313/4282] Copying computePipeline.h ...
[1314/4282] Copying blitCmdsOps.h ...
[1315/4282] Copying capabilities.h ...
[1316/4282] Copying computeCmds.h ...
[1317/4282] Copying blitCmds.h ...
[1318/4282] Copying indirectCommandEncoder.h ...
[1319/4282] Copying graphicsCmds.h ...
[1320/4282] Copying cmds.h ...
[1321/4282] Copying computeCmdsDesc.h ...
[1322/4282] Copying graphicsPipeline.h ...
[1323/4282] Copying hgi.h ...
[1324/4282] Copying buffer.h ...
[1325/4282] Copying graphicsCmdsDesc.h ...
[1326/4282] Copying resourceBindings.h ...
[1327/4282] Copying sampler.h ...
[1328/4282] Copying shaderFunction.h ...
[1329/4282] Copying hgi.h ...
[1330/4282] Copying types.h ...
[1331/4282] Copying shaderFunctionDesc.h ...
[1332/4282] Copying simpleShadowArray.h ...
[1333/4282] Copying shaderProgram.h ...
[1334/4282] Copying shaderSection.h ...
[1335/4282] Copying api.h ...
[1336/4282] Copying tokens.h ...
[1337/4282] Copying blitCmds.h ...
[1338/4282] Copying computePipeline.h ...
[1339/4282] Copying shaderGenerator.h ...
[1340/4282] Copying texture.h ...
[1341/4282] Copying unitTestHelper.h ...
[1342/4282] Copying buffer.h ...
[1343/4282] Copying capabilities.h ...
[1344/4282] Copying debugCodes.h ...
[1345/4282] Copying device.h ...
[1346/4282] Copying garbageCollector.h ...
[1347/4282] Copying computeCmds.h ...
[1348/4282] Copying contextArena.h ...
[1349/4282] Copying graphicsPipeline.h ...
[1350/4282] Copying shaderFunction.h ...
[1351/4282] Copying ops.h ...
[1352/4282] Copying sampler.h ...
[1353/4282] Copying texture.h ...
[1354/4282] Copying graphicsCmds.h ...
[1355/4282] Copying resourceBindings.h ...
[1356/4282] Copying shaderProgram.h ...
[1357/4282] Copying conversions.h ...
[1358/4282] Copying api.h ...
[1359/4282] Copying invalidatableContainerDataSource.h ...
[1360/4282] Copying scopedStateHolder.h ...
[1361/4282] Copying shaderSection.h ...
[1362/4282] Copying diagnostic.h ...
[1363/4282] Copying hgiInterop.h ...
[1364/4282] Copying driver.h ...
[1365/4282] Copying basisCurvesSchema.h ...
[1366/4282] Copying opengl.h ...
[1367/4282] Copying shaderGenerator.h ...
[1368/4282] Copying api.h ...
[1369/4282] Copying schemaTypeDefs.h ...
[1370/4282] Copying aov.h ...
[1371/4282] Copying bufferArrayRange.h ...
[1372/4282] Copying dataSourceTypeDefs.h ...
[1373/4282] Copying version.h ...
[1374/4282] Copying bprim.h ...
[1375/4282] Copying materialNetworkInterface.h ...
[1376/4282] Copying vectorSchemaTypeDefs.h ...
[1377/4282] Copying basisCurvesTopologySchema.h ...
[1378/4282] Copying bufferSource.h ...
[1379/4282] Copying basisCurves.h ...
[1380/4282] Copying cameraSchema.h ...
[1381/4282] Copying basisCurvesTopology.h ...
[1382/4282] Copying bufferSpec.h ...
[1383/4282] Copying collectionPredicateLibrary.h ...
[1384/4282] Copying bufferArray.h ...
[1385/4282] Copying categoriesSchema.h ...
[1386/4282] Copying changeTracker.h ...
[1387/4282] Copying collectionExpressionEvaluator.h ...
[1388/4282] Copying collectionSchema.h ...
[1389/4282] Copying containerDataSourceEditor.h ...
[1390/4282] Copying containerSchema.h ...
[1391/4282] Copying coordSys.h ...
[1392/4282] Copying camera.h ...
[1393/4282] Copying capsuleSchema.h ...
[1394/4282] Copying coordSysBindingSchema.h ...
[1395/4282] Copying dataSourceHash.h ...
[1396/4282] Copying dataSourceLegacyPrim.h ...
[1397/4282] Copying cubeSchema.h ...
[1398/4282] Copying cylinderSchema.h ...
[1399/4282] Copying dataSourceLegacyTaskPrim.h ...
[1400/4282] Copying dataSourceLocator.h ...
[1401/4282] Copying command.h ...
[1402/4282] Copying collectionsSchema.h ...
[1403/4282] Copying coneSchema.h ...
[1404/4282] Copying coordSysSchema.h ...
[1405/4282] Copying dataSource.h ...
[1406/4282] Copying dependencySchema.h ...
[1407/4282] Copying displayFilterSchema.h ...
[1408/4282] Copying dependenciesSchema.h ...
[1409/4282] Copying debugCodes.h ...
[1410/4282] Copying dependencyForwardingSceneIndex.h ...
[1411/4282] Copying enums.h ...
[1412/4282] Copying dataSourceMaterialNetworkInterface.h ...
[1413/4282] Copying extComputationCpuCallback.h ...
[1414/4282] Copying extComputationUtils.h ...
[1415/4282] Copying dirtyBitsTranslator.h ...
[1416/4282] Copying extComputationContext.h ...
[1417/4282] Copying extComputationInputComputationSchema.h ...
[1418/4282] Copying extComputationOutputSchema.h ...
[1419/4282] Copying extComputationPrimvarsSchema.h ...
[1420/4282] Copying engine.h ...
[1421/4282] Copying dirtyList.h ...
[1422/4282] Copying drawItem.h ...
[1423/4282] Copying extComputationPrimvarSchema.h ...
[1424/4282] Copying extentSchema.h ...
[1425/4282] Building CXX object pxr/base/arch/CMakeFiles/arch.dir/timing.cpp.o
[1426/4282] Copying drawingCoord.h ...
[1427/4282] Copying extComputation.h ...
[1428/4282] Copying extComputationContextInternal.h ...
[1429/4282] Copying field.h ...
[1430/4282] Copying flattenedOverlayDataSourceProvider.h ...
[1431/4282] Copying extComputationSchema.h ...
[1432/4282] Copying filteringSceneIndex.h ...
[1433/4282] Copying flattenedDataSourceProviders.h ...
[1434/4282] Copying flattenedPrimvarsDataSourceProvider.h ...
[1435/4282] Copying flatNormals.h ...
[1436/4282] Copying flattenedDataSourceProvider.h ...
[1437/4282] Building CXX object pxr/external/boost/python/CMakeFiles/python.dir/src/object/inheritance.cpp.o
[1438/4282] Copying flattenedVisibilityDataSourceProvider.h ...
[1439/4282] Copying flattenedPurposeDataSourceProvider.h ...
[1440/4282] Copying geomSubsetSchema.h ...
[1441/4282] Copying flattenedXformDataSourceProvider.h ...
[1442/4282] Copying geomSubset.h ...
[1443/4282] Copying lazyContainerDataSource.h ...
[1444/4282] Copying instancedBySchema.h ...
[1445/4282] Copying instancer.h ...
[1446/4282] Copying legacyDisplayStyleSchema.h ...
[1447/4282] Copying legacyGeomSubsetSceneIndex.h ...
[1448/4282] Copying flatteningSceneIndex.h ...
[1449/4282] Copying imageShader.h ...
[1450/4282] Copying imageShaderSchema.h ...
[1451/4282] Copying instanceCategoriesSchema.h ...
[1452/4282] Copying lightSchema.h ...
[1453/4282] Copying instanceRegistry.h ...
[1454/4282] Copying instancerTopologySchema.h ...
[1455/4282] Copying instanceSchema.h ...
[1456/4282] Copying legacyPrimSceneIndex.h ...
[1457/4282] Copying legacyTaskFactory.h ...
[1458/4282] Copying legacyTaskSchema.h ...
[1459/4282] Copying light.h ...
[1460/4282] Copying material.h ...
[1461/4282] Copying materialBindingSchema.h ...
[1462/4282] Copying instanceIndicesSchema.h ...
[1463/4282] Copying integratorSchema.h ...
[1464/4282] Copying lensDistortionSchema.h ...
[1465/4282] Copying materialFilteringSceneIndexBase.h ...
[1466/4282] Copying mapContainerDataSource.h ...
[1467/4282] Copying materialNetworkSchema.h ...
[1468/4282] Copying materialConnectionSchema.h ...
[1469/4282] Copying materialInterfaceMappingSchema.h ...
[1470/4282] Copying materialNetwork2Interface.h ...
[1471/4282] Copying materialBindingsSchema.h ...
[1472/4282] Copying materialNodeSchema.h ...
[1473/4282] Copying materialSchema.h ...
[1474/4282] Copying materialOverrideSchema.h ...
[1475/4282] Copying nurbsPatchTrimCurveSchema.h ...
[1476/4282] Copying mergingSceneIndex.h ...
[1477/4282] Copying overlayContainerDataSource.h ...
[1478/4282] Copying points.h ...
[1479/4282] Copying meshTopologySchema.h ...
[1480/4282] Copying pluginRenderDelegateUniqueHandle.h ...
[1481/4282] Copying primTypeIndex.h ...
[1482/4282] Copying meshSchema.h ...
[1483/4282] Copying meshTopology.h ...
[1484/4282] Copying noticeBatchingSceneIndex.h ...
[1485/4282] Copying nurbsCurvesSchema.h ...
[1486/4282] Copying perfLog.h ...
[1487/4282] Copying materialNodeParameterSchema.h ...
[1488/4282] Copying planeSchema.h ...
[1489/4282] Copying mesh.h ...
[1490/4282] Copying primvarSchema.h ...
[1491/4282] Copying nurbsPatchSchema.h ...
[1492/4282] Copying primGather.h ...
[1493/4282] Copying meshUtil.h ...
[1494/4282] Copying primOriginSchema.h ...
[1495/4282] Copying primvarsSchema.h ...
[1496/4282] Copying purposeSchema.h ...
[1497/4282] Copying renderBufferSchema.h ...
[1498/4282] Copying prefixingSceneIndex.h ...
[1499/4282] Copying primDataSourceOverlayCache.h ...
[1500/4282] Copying renderDelegate.h ...
[1501/4282] Copying renderBuffer.h ...
[1502/4282] Copying renderCapabilitiesSchema.h ...
[1503/4282] Copying rendererPluginHandle.h ...
[1504/4282] Copying rendererPlugin.h ...
[1505/4282] Copying renderPassSchema.h ...
[1506/4282] Copying renderSettingsSchema.h ...
[1507/4282] Copying rendererPluginRegistry.h ...
[1508/4282] Copying renderPass.h ...
[1509/4282] Copying renderPassState.h ...
[1510/4282] Copying renderSettings.h ...
[1511/4282] Copying renderThread.h ...
[1512/4282] Copying repr.h ...
[1513/4282] Copying resourceRegistry.h ...
[1514/4282] Copying rprimSharedData.h ...
[1515/4282] Copying renderProductSchema.h ...
[1516/4282] Copying renderVarSchema.h ...
[1517/4282] Copying retainedSceneIndex.h ...
[1518/4282] Copying rprim.h ...
[1519/4282] Copying sceneIndexUtil.h ...
[1520/4282] Copying renderIndex.h ...
[1521/4282] Copying retainedDataSource.h ...
[1522/4282] Copying sampleFilterSchema.h ...
[1523/4282] Copying sceneGlobalsSchema.h ...
[1524/4282] Copying sceneIndex.h ...
[1525/4282] Copying sceneIndexAdapterSceneDelegate.h ...
[1526/4282] Copying sceneDelegate.h ...
[1527/4282] Copying sceneIndexPrimView.h ...
[1528/4282] Copying rprimCollection.h ...
[1529/4282] Copying schema.h ...
[1530/4282] Copying sceneIndexObserver.h ...
[1531/4282] Copying sceneIndexPlugin.h ...
[1532/4282] Copying selection.h ...
[1533/4282] Copying selectionsSchema.h ...
[1534/4282] Copying sceneIndexPluginRegistry.h ...
[1535/4282] Copying unitTestDelegate.h ...
[1536/4282] Copying selectionSchema.h ...
[1537/4282] Copying sortedIds.h ...
[1538/4282] Copying task.h ...
[1539/4282] Copying types.h ...
[1540/4282] Copying smoothNormals.h ...
[1541/4282] Copying unitTestHelper.h ...
[1542/4282] Copying tetMeshSchema.h ...
[1543/4282] Copying sprim.h ...
[1544/4282] Copying timeSampleArray.h ...
[1545/4282] Copying sphereSchema.h ...
[1546/4282] Copying subdivisionTagsSchema.h ...
[1547/4282] Copying systemSchema.h ...
[1548/4282] Copying volume.h ...
[1549/4282] Copying utils.h ...
[1550/4282] Copying unitTestNullRenderPass.h ...
[1551/4282] Copying tetMeshTopologySchema.h ...
[1552/4282] Copying topology.h ...
[1553/4282] Copying splitDiopterSchema.h ...
[1554/4282] Copying systemMessages.h ...
[1555/4282] Copying unitTestNullRenderDelegate.h ...
[1556/4282] Copying visibilitySchema.h ...
[1557/4282] Copying volumeFieldSchema.h ...
[1558/4282] Copying vertexAdjacency.h ...
[1559/4282] Copying vectorSchema.h ...
[1560/4282] Copying tokens.h ...
[1561/4282] Copying vtBufferSource.h ...
[1562/4282] Building CXX object pxr/base/arch/CMakeFiles/arch.dir/stackTrace.cpp.o
/build/source/pxr/base/arch/stackTrace.cpp: In function ‘void pxrInternal_v0_25_5__pxrReserved__::{anonymous}::aswrite(int, const char*)’:
/build/source/pxr/base/arch/stackTrace.cpp:438:10: warning: ignoring return value of ‘ssize_t write(int, const void*, size_t)’ declared with attribute ‘warn_unused_result’ [-Wunused-result]
  438 |     write(fd, msg, asstrlen(msg));
      |     ~~~~~^~~~~~~~~~~~~~~~~~~~~~~~
[1563/4282] Copying api.h ...
[1564/4282] Copying volumeFieldBindingSchema.h ...
[1565/4282] Copying api.h ...
[1566/4282] Copying materialOverrideResolvingSceneIndex.h ...
[1567/4282] Copying debuggingSceneIndexPlugin.h ...
[1568/4282] Copying implicitSurfaceSceneIndex.h ...
[1569/4282] Copying xformSchema.h ...
[1570/4282] Copying extComputationPrimvarPruningSceneIndex.h ...
[1571/4282] Copying systemSchema.h ...
[1572/4282] Copying version.h ...
[1573/4282] Copying computeSceneIndexDiff.h ...
[1574/4282] Copying coordSysPrimSceneIndex.h ...
[1575/4282] Copying debuggingSceneIndex.h ...
[1576/4282] Copying extComputationDependencySceneIndex.h ...
[1577/4282] Copying legacyDisplayStyleOverrideSceneIndex.h ...
[1578/4282] Copying nodeIdentifierResolvingSceneIndex.h ...
[1579/4282] Copying materialBindingResolvingSceneIndex.h ...
[1580/4282] Copying nurbsApproximatingSceneIndex.h ...
[1581/4282] Copying prefixPathPruningSceneIndex.h ...
[1582/4282] Copying lightLinkingSceneIndex.h ...
[1583/4282] Copying materialPrimvarTransferSceneIndex.h ...
[1584/4282] Copying primManagingSceneIndexObserver.h ...
[1585/4282] Copying pinnedCurveExpandingSceneIndex.h ...
[1586/4282] Copying primTypeAndPathPruningSceneIndex.h ...
[1587/4282] Copying renderSettingsFilteringSceneIndex.h ...
[1588/4282] Copying sceneGlobalsSceneIndex.h ...
[1589/4282] Copying hdMtlx.h ...
[1590/4282] Copying switchingSceneIndex.h ...
[1591/4282] Copying primTypeNoticeBatchingSceneIndex.h ...
[1592/4282] Copying velocityMotionResolvingSceneIndex.h ...
[1593/4282] Copying debugCodes.h ...
[1594/4282] Copying api.h ...
[1595/4282] Building CXX object pxr/external/boost/python/CMakeFiles/python.dir/src/object/function_doc_signature.cpp.o
[1596/4282] Copying primTypePruningSceneIndex.h ...
[1597/4282] Copying tetMeshConversionSceneIndex.h ...
[1598/4282] Copying utils.h ...
[1599/4282] Copying api.h ...
[1600/4282] Copying dynamicUvTextureImplementation.h ...
[1601/4282] Copying enums.h ...
[1602/4282] Copying commandBuffer.h ...
[1603/4282] Copying copyComputation.h ...
[1604/4282] Copying basisCurves.h ...
[1605/4282] Copying drawItemInstance.h ...
[1606/4282] Copying binding.h ...
[1607/4282] Copying dependencySceneIndexPlugin.h ...
[1608/4282] Copying drawItem.h ...
[1609/4282] Copying drawTargetRenderPassState.h ...
[1610/4282] Copying computation.h ...
[1611/4282] Copying debugCodes.h ...
[1612/4282] Copying extComputation.h ...
[1613/4282] Copying extCompGpuComputation.h ...
[1614/4282] Copying bufferResource.h ...
[1615/4282] Copying bufferArrayRegistry.h ...
[1616/4282] Copying dependencyForwardingSceneIndexPlugin.h ...
[1617/4282] Copying domeLightComputations.h ...
[1618/4282] Copying extCompCpuComputation.h ...
[1619/4282] Copying bufferArrayRange.h ...
[1620/4282] Copying dispatchBuffer.h ...
[1621/4282] Copying drawTarget.h ...
[1622/4282] Copying dynamicUvTextureObject.h ...
[1623/4282] Copying fallbackLightingShader.h ...
[1624/4282] Copying field.h ...
[1625/4282] Copying extCompGpuPrimvarBufferSource.h ...
[1626/4282] Copying glslfxShader.h ...
[1627/4282] Copying extCompPrimvarBufferSource.h ...
[1628/4282] Copying geometricShader.h ...
[1629/4282] Copying glConversions.h ...
[1630/4282] Copying fieldSubtextureIdentifier.h ...
[1631/4282] Copying extCompGpuComputationResource.h ...
[1632/4282] Copying flatNormals.h ...
[1633/4282] Copying interleavedMemoryManager.h ...
[1634/4282] Copying bufferUtils.h ...
[1635/4282] Copying glslProgram.h ...
[1636/4282] Copying imageShaderRenderPass.h ...
[1637/4282] Copying hioConversions.h ...
[1638/4282] Copying nurbsApproximatingSceneIndexPlugin.h ...
[1639/4282] Copying hgiConversions.h ...
[1640/4282] Copying implicitSurfaceSceneIndexPlugin.h ...
[1641/4282] Copying material.h ...
[1642/4282] Copying renderBuffer.h ...
[1643/4282] Copying primUtils.h ...
[1644/4282] Copying shaderCode.h ...
[1645/4282] Copying instancer.h ...
[1646/4282] Copying light.h ...
[1647/4282] Copying lightingShader.h ...
[1648/4282] Copying mesh.h ...
[1649/4282] Copying ptexTextureObject.h ...
[1650/4282] Copying renderParam.h ...
[1651/4282] Copying samplerObjectRegistry.h ...
[1652/4282] Copying simpleLightingShader.h ...
[1653/4282] Copying materialNetwork.h ...
[1654/4282] Copying package.h ...
[1655/4282] Copying points.h ...
[1656/4282] Copying renderDelegate.h ...
[1657/4282] Copying renderPassShader.h ...
[1658/4282] Copying renderPassState.h ...
[1659/4282] Copying samplerObject.h ...
[1660/4282] Copying strategyBase.h ...
[1661/4282] Copying subtextureIdentifier.h ...
[1662/4282] Copying textureBinder.h ...
[1663/4282] Copying tetMeshConversionSceneIndexPlugin.h ...
[1664/4282] Copying textureCpuData.h ...
[1665/4282] Copying resourceRegistry.h ...
[1666/4282] Copying smoothNormals.h ...
[1667/4282] Copying stagingBuffer.h ...
[1668/4282] Copying textureIdentifier.h ...
[1669/4282] Copying renderPass.h ...
[1670/4282] Copying textureHandleRegistry.h ...
[1671/4282] Copying textureHandle.h ...
[1672/4282] Copying textureObjectRegistry.h ...
[1673/4282] Copying textureObject.h ...
[1674/4282] Copying velocityMotionResolvingSceneIndexPlugin.h ...
[1675/4282] Copying textureUtils.h ...
[1676/4282] Copying assetUvTextureCpuData.h ...
[1677/4282] Copying udimTextureObject.h ...
[1678/4282] Copying unitTestGLDrawing.h ...
[1679/4282] Copying tokens.h ...
[1680/4282] Copying extCompSceneInputSource.h ...
[1681/4282] Copying vboMemoryManager.h ...
[1682/4282] Copying basisCurvesShaderKey.h ...
[1683/4282] Copying basisCurvesTopology.h ...
[1684/4282] Copying materialPrimvarTransferSceneIndexPlugin.h ...
[1685/4282] Copying indirectDrawBatch.h ...
[1686/4282] Copying materialNetworkShader.h ...
[1687/4282] Copying extCompInputSource.h ...
[1688/4282] Copying imageShaderShaderKey.h ...
[1689/4282] Copying volume.h ...
[1690/4282] Copying vboSimpleMemoryManager.h ...
[1691/4282] Copying extCompComputedInputSource.h ...
[1692/4282] Copying materialBindingResolvingSceneIndexPlugin.h ...
[1693/4282] Copying basisCurvesComputations.h ...
[1694/4282] Copying cullingShaderKey.h ...
[1695/4282] Copying drawBatch.h ...
[1696/4282] Copying drawItemsCache.h ...
[1697/4282] Copying extCompComputeShader.h ...
[1698/4282] Copying fieldTextureCpuData.h ...
[1699/4282] Copying materialParam.h ...
[1700/4282] Copying meshTopology.h ...
[1701/4282] Copying codeGen.h ...
[1702/4282] Copying meshShaderKey.h ...
[1703/4282] Copying pointsShaderKey.h ...
[1704/4282] Copying materialXFilter.h ...
[1705/4282] Copying renderPassShaderKey.h ...
[1706/4282] Copying volumeShaderKey.h ...
[1707/4282] Copying nodeIdentifierResolvingSceneIndexPlugin.h ...
[1708/4282] Copying quadrangulate.h ...
[1709/4282] Copying pipelineDrawBatch.h ...
[1710/4282] Copying volumeShader.h ...
[1711/4282] Copying resourceBinder.h ...
[1712/4282] Copying subdivision.h ...
[1713/4282] Copying aovInputTask.h ...
[1714/4282] Copying shadowMatrixComputation.h ...
[1715/4282] Copying triangulate.h ...
[1716/4282] Copying materialXShaderGen.h ...
[1717/4282] Copying colorizeSelectionTask.h ...
[1718/4282] Copying colorCorrectionTask.h ...
[1719/4282] Copying effectsShader.h ...
[1720/4282] Copying unitTestHelper.h ...
[1721/4282] Copying vertexAdjacency.h ...
[1722/4282] Copying drawTargetTask.h ...
[1723/4282] Copying fullscreenShader.h ...
[1724/4282] Copying oitBufferAccessor.h ...
[1725/4282] Copying oitRenderTask.h ...
[1726/4282] Copying shaderKey.h ...
[1727/4282] Copying api.h ...
[1728/4282] Copying boundingBoxTask.h ...
[1729/4282] Copying hgiConversions.h ...
[1730/4282] Copying colorChannelTask.h ...
[1731/4282] Copying version.h ...
[1732/4282] Copying freeCameraSceneDelegate.h ...
[1733/4282] Copying oitResolveTask.h ...
[1734/4282] Copying freeCameraPrimDataSource.h ...
[1735/4282] Copying oitVolumeRenderTask.h ...
[1736/4282] Copying presentTask.h ...
[1737/4282] Copying pickTask.h ...
[1738/4282] Copying selectionTask.h ...
[1739/4282] Copying selectionTracker.h ...
[1740/4282] Copying simpleLightTask.h ...
[1741/4282] Copying pickFromRenderBufferTask.h ...
[1742/4282] Copying selectionSceneIndexObserver.h ...
[1743/4282] Copying package.h ...
[1744/4282] Copying taskController.h ...
[1745/4282] Copying renderTask.h ...
[1746/4282] Copying renderSetupTask.h ...
[1747/4282] Copying taskControllerSceneIndex.h ...
[1748/4282] Copying tokens.h ...
[1749/4282] Copying types.h ...
[1750/4282] Copying debugCodes.h ...
[1751/4282] Copying shadowTask.h ...
[1752/4282] Copying skydomeTask.h ...
[1753/4282] Copying task.h ...
[1754/4282] Copying unitTestUtils.h ...
[1755/4282] Copying unitTestDelegate.h ...
[1756/4282] Copying unitTestHelper.h ...
[1757/4282] Copying collectionCache.h ...
[1758/4282] Copying directMaterialBindingSchema.h ...
[1759/4282] Copying types.h ...
[1760/4282] Copying visualizeAovTask.h ...
[1761/4282] Copying adapterRegistry.h ...
[1762/4282] Copying dataSourceAttribute.h ...
[1763/4282] Copying dataSourceAttributeColorSpace.h ...
[1764/4282] Copying version.h ...
[1765/4282] Copying dataSourceBasisCurves.h ...
[1766/4282] Copying api.h ...
[1767/4282] Copying dataSourceNurbsPatch.h ...
[1768/4282] Copying dataSourceAttributeTypeName.h ...
[1769/4282] Copying collectionMaterialBindingSchema.h ...
[1770/4282] Copying dataSourceCamera.h ...
[1771/4282] Copying dataSourceTetMesh.h ...
[1772/4282] Copying dataSourceMaterial.h ...
[1773/4282] Copying dataSourceMesh.h ...
[1774/4282] Copying dataSourceNurbsCurves.h ...
[1775/4282] Copying dataSourceStageGlobals.h ...
[1776/4282] Copying extentResolvingSceneIndex.h ...
[1777/4282] Copying extentsHintSchema.h ...
[1778/4282] Copying dataSourceGprim.h ...
[1779/4282] Copying dataSourcePoints.h ...
[1780/4282] Copying dataSourcePrimvars.h ...
[1781/4282] Copying dataSourceRelationship.h ...
[1782/4282] Copying dataSourceVolume.h ...
[1783/4282] Copying debugCodes.h ...
[1784/4282] Copying drawModeAdapter.h ...
[1785/4282] Copying geomModelSchema.h ...
[1786/4282] Copying dataSourcePrim.h ...
[1787/4282] Copying dataSourceRenderPrims.h ...
[1788/4282] Copying dataSourceStage.h ...
[1789/4282] Copying dataSourceUsdPrimInfo.h ...
[1790/4282] Copying drawModeSceneIndex.h ...
[1791/4282] Copying modelSchema.h ...
[1792/4282] Copying dataSourceMapped.h ...
[1793/4282] Copying dataSourcePointInstancer.h ...
[1794/4282] Copying delegate.h ...
[1795/4282] Copying indexProxy.h ...
[1796/4282] Copying materialParamUtils.h ...
[1797/4282] Copying resolvedAttributeCache.h ...
[1798/4282] Copying instancerContext.h ...
[1799/4282] Copying stageSceneIndex.h ...
[1800/4282] Copying geomSubsetAdapter.h ...
[1801/4282] Copying primvarUtils.h ...
[1802/4282] Copying domeLight_1Adapter.h ...
[1803/4282] Copying collectionAPIAdapter.h ...
[1804/4282] Copying capsuleAdapter.h ...
[1805/4282] Copying selectionSceneIndex.h ...
[1806/4282] Copying tokens.h ...
[1807/4282] Copying apiSchemaAdapter.h ...
[1808/4282] Copying cylinderAdapter.h ...
[1809/4282] Copying coneAdapter.h ...
[1810/4282] Copying cameraAdapter.h ...
[1811/4282] Copying fieldAdapter.h ...
[1812/4282] Copying cubeAdapter.h ...
[1813/4282] Copying distantLightAdapter.h ...
[1814/4282] Copying basisCurvesAdapter.h ...
[1815/4282] Copying coordSysAPIAdapter.h ...
[1816/4282] Copying domeLightAdapter.h ...
[1817/4282] Copying gprimAdapter.h ...
[1818/4282] Copying coordSysAdapter.h ...
[1819/4282] Copying cylinderLightAdapter.h ...
[1820/4282] Copying implicitSurfaceMeshUtils.h ...
[1821/4282] Copying diskLightAdapter.h ...
[1822/4282] Copying flattenedMaterialBindingsDataSourceProvider.h ...
[1823/4282] Copying flattenedGeomModelDataSourceProvider.h ...
[1824/4282] Copying geometryLightAdapter.h ...
[1825/4282] Copying flattenedDataSourceProviders.h ...
[1826/4282] Copying hermiteCurvesAdapter.h ...
[1827/4282] Copying instanceablePrimAdapter.h ...
[1828/4282] Copying geomModelAPIAdapter.h ...
[1829/4282] Copying instanceAdapter.h ...
[1830/4282] Copying lightFilterAdapter.h ...
[1831/4282] Copying materialAdapter.h ...
[1832/4282] Copying materialBindingAPIAdapter.h ...
[1833/4282] Copying lightAdapter.h ...
[1834/4282] Copying lightAPIAdapter.h ...
[1835/4282] Copying planeAdapter.h ...
[1836/4282] Copying nurbsCurvesAdapter.h ...
[1837/4282] Copying rectLightAdapter.h ...
[1838/4282] Copying nurbsPatchAdapter.h ...
[1839/4282] Copying portalLightAdapter.h ...
[1840/4282] Copying materialBindingsSchema.h ...
[1841/4282] Copying piPrototypePropagatingSceneIndex.h ...
[1842/4282] Copying pluginLightFilterAdapter.h ...
[1843/4282] Copying rootOverridesSceneIndex.h ...
[1844/4282] Copying pointInstancerAdapter.h ...
[1845/4282] Copying materialBindingSchema.h ...
[1846/4282] Copying materialBindingsResolvingSceneIndex.h ...
[1847/4282] Copying meshAdapter.h ...
[1848/4282] Copying pluginLightAdapter.h ...
[1849/4282] Copying pointsAdapter.h ...
[1850/4282] Copying niPrototypePropagatingSceneIndex.h ...
[1851/4282] Copying usdPrimInfoSchema.h ...
[1852/4282] Copying primAdapter.h ...
[1853/4282] Copying unloadedDrawModeSceneIndex.h ...
[1854/4282] Copying usdRenderProductSchema.h ...
[1855/4282] Copying usdRenderSettingsSchema.h ...
[1856/4282] Copying usdRenderVarSchema.h ...
[1857/4282] Copying renderPassAdapter.h ...
[1858/4282] Copying rerootingContainerDataSource.h ...
[1859/4282] Copying primvarDescCache.h ...
[1860/4282] Copying rerootingSceneIndex.h ...
[1861/4282] Copying renderProductAdapter.h ...
[1862/4282] Copying sceneIndexPrimAdapter.h ...
[1863/4282] Copying sphereLightAdapter.h ...
[1864/4282] Copying sceneIndexPlugin.h ...
[1865/4282] Copying sceneIndices.h ...
[1866/4282] Copying renderVarAdapter.h ...
[1867/4282] Copying representedByAncestorPrimAdapter.h ...
[1868/4282] Copying renderSettingsFlatteningSceneIndex.h ...
[1869/4282] Copying volumeAdapter.h ...
[1870/4282] Copying dataSourceImplicits-Impl.h ...
[1871/4282] Copying renderSettingsAdapter.h ...
[1872/4282] Copying sphereAdapter.h ...
[1873/4282] Copying niPrototypePruningSceneIndex.h ...
[1874/4282] Copying piPrototypeSceneIndex.h ...
[1875/4282] Copying tetMeshAdapter.h ...
[1876/4282] Copying drawModeStandin.h ...
[1877/4282] Copying niInstanceAggregationSceneIndex.h ...
[1878/4282] Copying textureUtils.h ...
[1879/4282] Copying adapterManager.h ...
[1880/4282] Copying rendererSettings.h ...
[1881/4282] Copying api.h ...
[1882/4282] Copying version.h ...
[1883/4282] Copying renderParams.h ...
[1884/4282] Copying api.h ...
[1885/4282] Copying engine.h ...
[1886/4282] Copying niPrototypeSceneIndex.h ...
[1887/4282] Copying unitTestGLDrawing.h ...
[1888/4282] Copying spatialAudio.h ...
[1889/4282] Copying api.h ...
[1890/4282] Copying api.h ...
[1891/4282] Copying assetPreviewsAPI.h ...
[1892/4282] Copying tokens.h ...
[1893/4282] Copying materialAPI.h ...
[1894/4282] Copying tokens.h ...
[1895/4282] Copying rmanUtilities.h ...
[1896/4282] Copying generativeProcedural.h ...
[1897/4282] Copying tokens.h ...
[1898/4282] Copying inbetweenShape.h ...
[1899/4282] Copying splineAPI.h ...
[1900/4282] Copying labelsAPI.h ...
[1901/4282] Copying animMapper.h ...
[1902/4282] Copying animQuery.h ...
[1903/4282] Copying blendShapeQuery.h ...
[1904/4282] Copying tokens.h ...
[1905/4282] Copying statementsAPI.h ...
[1906/4282] Copying labelsQuery.h ...
[1907/4282] Copying api.h ...
[1908/4282] Copying cache.h ...
[1909/4282] Copying typeUtils.h ...
[1910/4282] Copying utils.h ...
[1911/4282] Copying tokens.h ...
[1912/4282] Copying debugCodes.h ...
[1913/4282] Copying binding.h ...
[1914/4282] Copying api.h ...
[1915/4282] Copying skeletonQuery.h ...
[1916/4282] Copying bakeSkinning.h ...
[1917/4282] Copying skinningQuery.h ...
[1918/4282] Copying massProperties.h ...
[1919/4282] Copying animQueryImpl.h ...
[1920/4282] Copying bindingAPI.h ...
[1921/4282] Copying topology.h ...
[1922/4282] Copying parseDesc.h ...
[1923/4282] Copying blendShape.h ...
[1924/4282] Copying cacheImpl.h ...
[1925/4282] Copying skeleton.h ...
[1926/4282] Copying skelDefinition.h ...
[1927/4282] Copying api.h ...
[1928/4282] Copying animation.h ...
[1929/4282] Copying meshCollisionAPI.h ...
[1930/4282] Copying root.h ...
[1931/4282] Copying parseUtils.h ...
[1932/4282] Copying collisionAPI.h ...
[1933/4282] Copying revoluteJoint.h ...
[1934/4282] Copying collisionGroup.h ...
[1935/4282] Copying distanceJoint.h ...
[1936/4282] Copying materialAPI.h ...
[1937/4282] Copying articulationRootAPI.h ...
[1938/4282] Copying massAPI.h ...
[1939/4282] Copying metrics.h ...
[1940/4282] Copying driveAPI.h ...
[1941/4282] Copying filteredPairsAPI.h ...
[1942/4282] Copying fixedJoint.h ...
[1943/4282] Copying prismaticJoint.h ...
[1944/4282] Copying sphericalJoint.h ...
[1945/4282] Copying tokens.h ...
[1946/4282] Copying api.h ...
[1947/4282] Copying limitAPI.h ...
[1948/4282] Copying rigidBodyAPI.h ...
[1949/4282] Copying alembicFileFormat.h ...
[1950/4282] Copying joint.h ...
[1951/4282] Copying scene.h ...
[1952/4282] Copying alembicUtil.h ...
[1953/4282] Copying alembicData.h ...
[1954/4282] Copying alembicWriter.h ...
[1955/4282] Copying api.h ...
[1956/4282] Copying registry.h ...
[1957/4282] Copying alembicReader.h ...
[1958/4282] Copying alembicTest.h ...
[1959/4282] Copying error.h ...
[1960/4282] Copying oslParser.h ...
[1961/4282] Copying validator.h ...
[1962/4282] Copying context.h ...
[1963/4282] Copying timeRange.h ...
[1964/4282] Copying validatorTokens.h ...
[1965/4282] Copying api.h ...
[1966/4282] Copying frameRecorder.h ...
[1967/4282] Copying camera.h ...
[1968/4282] Copying api.h ...
[1969/4282] Copying bakeMaterialX.h ...
[1970/4282] Copying validatorTokens.h ...
[1971/4282] Copying validatorTokens.h ...
[1972/4282] Copying generativeProceduralFilteringSceneIndex.h ...
[1973/4282] Copying api.h ...
[1974/4282] Copying api.h ...
[1975/4282] Copying generativeProceduralResolvingSceneIndex.h ...
[1976/4282] Copying api.h ...
[1977/4282] Copying api.h ...
[1978/4282] Copying api.h ...
[1979/4282] Copying generativeProceduralPlugin.h ...
[1980/4282] Copying validatorTokens.h ...
[1981/4282] Copying validatorTokens.h ...
[1982/4282] Copying discoveryPlugin.h ...
[1983/4282] Copying sceneIndexPlugin.h ...
[1984/4282] Copying api.h ...
[1985/4282] Copying generativeProcedural.h ...
[1986/4282] Copying generativeProceduralPluginRegistry.h ...
[1987/4282] Copying validatorTokens.h ...
[1988/4282] Copying api.h ...
[1989/4282] Copying renderParam.h ...
[1990/4282] Copying context.h ...
[1991/4282] Copying meshSamplers.h ...
[1992/4282] Copying renderBuffer.h ...
[1993/4282] Copying config.h ...
[1994/4282] Copying instancer.h ...
[1995/4282] Copying renderer.h ...
[1996/4282] Copying rendererPlugin.h ...
[1997/4282] Copying aom/aom_codec.h ...
[1998/4282] Copying rendererPlugin.h ...
[1999/4282] Copying renderPass.h ...
[2000/4282] Copying aom/aom_dsp/aom_dsp_common.h ...
[2001/4282] Copying aom/aom.h ...
[2002/4282] Copying renderDelegate.h ...
[2003/4282] Copying aom/aom_dsp/bitreader_buffer.h ...
[2004/4282] Copying aom/aom_dsp/blend.h ...
[2005/4282] Copying aom/aom_dsp/binary_codes_reader.h ...
[2006/4282] Copying mesh.h ...
[2007/4282] Copying aom/aom_encoder.h ...
[2008/4282] Copying aom/aom_decoder.h ...
[2009/4282] Copying aom/aom_dsp/entdec.h ...
[2010/4282] Copying implicitSurfaceSceneIndexPlugin.h ...
[2011/4282] Copying aom/aom_integer.h ...
[2012/4282] Copying aom/aom_image.h ...
[2013/4282] Copying aom/aomdx.h ...
[2014/4282] Copying aom/aom_dsp/aom_filter.h ...
[2015/4282] Copying aom/aom_dsp/grain_synthesis.h ...
[2016/4282] Copying aom/aom_ports/mem_ops.h ...
[2017/4282] Copying aom/aom_frame_buffer.h ...
[2018/4282] Copying sampler.h ...
[2019/4282] Copying aom/aom_mem/aom_mem.h ...
[2020/4282] Copying aom/aom_dsp/bitreader.h ...
[2021/4282] Copying aom/aom_ports/bitops.h ...
[2022/4282] Copying aom/aom_ports/msvc.h ...
[2023/4282] Copying aom/aom_dsp/entcode.h ...
[2024/4282] Copying aom/aom_dsp/grain_table.h ...
[2025/4282] Copying aom/aom_dsp/intrapred_common.h ...
[2026/4282] Copying aom/aom_dsp/recenter.h ...
[2027/4282] Copying aom/aom_dsp/txfm_common.h ...
[2028/4282] Copying aom/aom_mem/include/aom_mem_intrnl.h ...
[2029/4282] Copying aom/aom_ports/mem.h ...
[2030/4282] Copying aom/aom_util/aom_thread.h ...
[2031/4282] Copying aom/aom_ports/mem_ops_aligned.h ...
[2032/4282] Copying aom/aom_scale/aom_scale.h ...
[2033/4282] Copying aom/av1/common/alloccommon.h ...
[2034/4282] Copying aom/aom_scale/yv12config.h ...
[2035/4282] Copying aom/aom_dsp/prob.h ...
[2036/4282] Copying aom/av1/common/av1_inv_txfm1d_cfg.h ...
[2037/4282] Copying aom/av1/common/blockd.h ...
[2038/4282] Copying aom/aom_ports/system_state.h ...
[2039/4282] Copying aom/aom_ports/aom_timer.h ...
[2040/4282] Copying aom/av1/common/av1_loopfilter.h ...
[2041/4282] Copying aom/av1/common/av1_inv_txfm1d.h ...
[2042/4282] Copying aom/av1/common/cdef.h ...
[2043/4282] Copying aom/av1/av1_iface_common.h ...
[2044/4282] Copying aom/av1/common/av1_txfm.h ...
[2045/4282] Copying aom/aom_ports/aom_once.h ...
[2046/4282] Copying aom/av1/common/av1_common_int.h ...
[2047/4282] Copying aom/av1/common/cfl.h ...
[2048/4282] Copying aom/av1/common/entropy.h ...
[2049/4282] Copying aom/av1/common/common.h ...
[2050/4282] Copying aom/av1/common/cdef_block.h ...
[2051/4282] Copying aom/av1/common/filter.h ...
[2052/4282] Copying aom/av1/common/common_data.h ...
[2053/4282] Copying aom/av1/common/resize.h ...
[2054/4282] Copying aom/av1/common/entropymode.h ...
[2055/4282] Copying aom/av1/common/idct.h ...
[2056/4282] Copying aom/av1/common/mvref_common.h ...
[2057/4282] Copying aom/av1/common/odintrin.h ...
[2058/4282] Copying aom/av1/common/convolve.h ...
[2059/4282] Copying aom/av1/common/entropymv.h ...
[2060/4282] Copying aom/av1/common/enums.h ...
[2061/4282] Copying aom/av1/common/mv.h ...
[2062/4282] Copying aom/av1/common/obu_util.h ...
[2063/4282] Copying aom/av1/common/frame_buffers.h ...
[2064/4282] Copying aom/av1/common/pred_common.h ...
[2065/4282] Copying aom/av1/common/quant_common.h ...
[2066/4282] Copying aom/av1/common/reconintra.h ...
[2067/4282] Copying aom/av1/common/obmc.h ...
[2068/4282] Copying aom/av1/common/restoration.h ...
[2069/4282] Copying aom/av1/common/scan.h ...
[2070/4282] Copying aom/av1/common/tile_common.h ...
[2071/4282] Copying aom/av1/common/timing.h ...
[2072/4282] Copying aom/av1/common/token_cdfs.h ...
[2073/4282] Copying aom/av1/common/reconinter.h ...
[2074/4282] Copying aom/av1/common/txb_common.h ...
[2075/4282] Copying aom/av1/common/scale.h ...
[2076/4282] Copying aom/av1/common/thread_common.h ...
[2077/4282] Copying aom/av1/decoder/decodetxb.h ...
[2078/4282] Copying aom/config/aom_config.h ...
[2079/4282] Copying aom/av1/decoder/decodeframe.h ...
[2080/4282] Copying aom/av1/common/seg_common.h ...
[2081/4282] Copying aom/av1/common/warped_motion.h ...
[2082/4282] Copying aom/av1/decoder/detokenize.h ...
[2083/4282] Copying aom/config/aom_dsp_rtcd.h ...
[2084/4282] Copying aom/config/aom_version.h ...
[2085/4282] Copying aom/av1/decoder/decoder.h ...
[2086/4282] Copying aom/config/aom_scale_rtcd.h ...
[2087/4282] Copying AVIF/src/src-libyuv/libyuv/scale.h ...
[2088/4282] Copying aom/av1/decoder/decodemv.h ...
[2089/4282] Copying aom/config/av1_rtcd.h ...
[2090/4282] Copying aom/av1/decoder/dthread.h ...
[2091/4282] Copying AVIF/src/src-libyuv/libyuv.h ...
[2092/4282] Copying AVIF/src/avif/internal.h ...
[2093/4282] Copying AVIF/src/src-libyuv/libyuv/basic_types.h ...
[2094/4282] Copying AVIF/src/src-libyuv/libyuv/version.h ...
[2095/4282] Copying api.h ...
[2096/4282] Copying api.h ...
[2097/4282] Copying aom/internal/aom_codec_internal.h ...
[2098/4282] Copying aom/av1/decoder/obu.h ...
[2099/4282] Copying aom/internal/aom_image_internal.h ...
[2100/4282] Copying aom/internal/common/args_helper.h ...
[2101/4282] Copying AVIF/src/avif/avif.h ...
[2102/4282] Copying AVIF/src/src-libyuv/libyuv/planar_functions.h ...
[2103/4282] Copying AVIF/src/src-libyuv/libyuv/row.h ...
[2104/4282] Copying AVIF/src/src-libyuv/libyuv/scale_row.h ...
[2105/4282] Copying generativeProceduralAdapter.h ...
[2106/4282] Copying version.h ...
[2107/4282] Copying pxrAovLightAdapter.h ...
[2108/4282] Copying pxrCameraAPIAdapter.h ...
[2109/4282] Copying pxrDisplayFilterAdapter.h ...
[2110/4282] Copying pxrIntegratorAdapter.h ...
[2111/4282] Copying pxrSampleFilterAdapter.h ...
[2112/4282] Copying tokens.h ...
[2113/4282] Copying dataSourcePxrRenderTerminalPrims.h ...
[2114/4282] Copying pxrRenderTerminalHelper.h ...
[2115/4282] Copying api.h ...
[2116/4282] Copying dataSourceUtils.h ...
[2117/4282] Copying animationAdapter.h ...
[2118/4282] Copying animationSchema.h ...
[2119/4282] Copying bindingAPIAdapter.h ...
[2120/4282] Copying bindingSchema.h ...
[2121/4282] Copying blendShapeAdapter.h ...
[2122/4282] Copying blendShapeData.h ...
[2123/4282] Copying blendShapeSchema.h ...
[2124/4282] Copying dataSourceBindingAPI.h ...
[2125/4282] Copying dataSourceAnimationPrim.h ...
[2126/4282] Copying dataSourceBlendShapePrim.h ...
[2127/4282] Copying dataSourceResolvedExtComputationPrim.h ...
[2128/4282] Copying dataSourceResolvedSkeletonPrim.h ...
[2129/4282] Copying jointInfluencesData.h ...
[2130/4282] Copying dataSourceResolvedPointsBasedPrim.h ...
[2131/4282] Copying dataSourceSkeletonPrim.h ...
[2132/4282] Copying extComputations.h ...
[2133/4282] Copying skelData.h ...
[2134/4282] Copying resolvingSceneIndexPlugin.h ...
[2135/4282] Copying pointsResolvingSceneIndex.h ...
[2136/4282] Copying inbetweenShapeSchema.h ...
[2137/4282] Copying skeletonResolvingSceneIndex.h ...
[2138/4282] Copying openvdbAssetAdapter.h ...
[2139/4282] Copying resolvedSkeletonSchema.h ...
[2140/4282] Copying skeletonSchema.h ...
[2141/4282] Copying tokens.h ...
[2142/4282] Copying skeletonAdapter.h ...
[2143/4282] Copying field3dAssetAdapter.h ...
[2144/4282] Copying skelRootAdapter.h ...
[2145/4282] Copying api.h ...
[2146/4282] Copying package.h ...
[2147/4282] Copying utils.h ...
[2148/4282] Copying tokens.h ...
[2149/4282] Copying dataSourceFieldAsset.h ...
[2150/4282] Copying parserPlugin.h ...
[2151/4282] Copying skelGuideData.h ...
[2152/4282] Generating __init__.pyc
[2153/4282] Generating testenv/testTfPyInvoke_callees.pyc
[2154/4282] Generating testenv/testTfScriptModuleLoader_Test.pyc
[2155/4282] Generating testenv/testTfScriptModuleLoader_DepLoadsAll.pyc
[2156/4282] Generating testenv/__init__.pyc
[2157/4282] Generating __init__.pyc
[2158/4282] Generating __init__.pyc
[2159/4282] Generating testenv/testTfScriptModuleLoader_Other.pyc
[2160/4282] Generating __init__.pyc
[2161/4282] Generating __init__.pyc
[2162/4282] Generating __init__.pyc
[2163/4282] Generating testenv/testTfScriptModuleLoader_LoadsAll.pyc
[2164/4282] Generating testenv/testTfScriptModuleLoader_LoadsUnknown.pyc
[2165/4282] Generating __init__.pyc
[2166/4282] Generating __main__.pyc
[2167/4282] Generating __init__.pyc
[2168/4282] Generating __init__.pyc
[2169/4282] Generating __init__.pyc
[2170/4282] Generating __init__.pyc
[2171/4282] Generating testenv/testTfScriptModuleLoader_AAA_RaisesError.pyc
[2172/4282] Generating __init__.pyc
[2173/4282] Generating __init__.pyc
[2174/4282] Generating __init__.pyc
[2175/4282] Generating testenv/testTfScriptModuleLoader_Unknown.pyc
[2176/4282] Generating __init__.pyc
[2177/4282] Generating __init__.pyc
[2178/4282] Generating __init__.pyc
[2179/4282] Generating shaderParserTestUtils.pyc
[2180/4282] Generating __init__.pyc
[2181/4282] Generating __init__.pyc
[2182/4282] Generating __init__.pyc
[2183/4282] Generating __init__.pyc
[2184/4282] Generating __init__.pyc
[2185/4282] Generating usdGenSchema.pyc
[2186/4282] Generating updateSchemaWithSdrNode.pyc
[2187/4282] Generating __init__.pyc
[2188/4282] Generating __init__.pyc
[2189/4282] Generating toolPaths.pyc
[2190/4282] Generating __init__.pyc
[2191/4282] Generating constantsGroup.pyc
[2192/4282] Generating cameraArgs.pyc
[2193/4282] Generating __init__.pyc
[2194/4282] Generating __init__.pyc
[2195/4282] Generating __init__.pyc
[2196/4282] Generating __init__.pyc
[2197/4282] Substituting Python shebang
[2198/4282] Generating __init__.pyc
[2199/4282] Generating __init__.pyc
[2200/4282] Generating fixBrokenPixarSchemas.pyc
[2201/4282] Generating __init__.pyc
[2202/4282] Generating __init__.pyc
[2203/4282] Generating __init__.pyc
[2204/4282] Substituting Python shebang
[2205/4282] Generating __init__.pyc
[2206/4282] Generating colorArgs.pyc
[2207/4282] Generating complianceChecker.pyc
[2208/4282] Generating __init__.pyc
[2209/4282] Generating __init__.pyc
[2210/4282] Generating __init__.pyc
[2211/4282] Generating usdzUtils.pyc
[2212/4282] Generating framesArgs.pyc
[2213/4282] Generating __init__.pyc
[2214/4282] Generating __init__.pyc
[2215/4282] Generating __init__.pyc
[2216/4282] Generating __init__.pyc
[2217/4282] Generating ExplicitMetrics/stageTraversalMetric.pyc
[2218/4282] Generating parseTimingOutput.pyc
/build/source/extras/performance/parseTimingOutput.py:12: SyntaxWarning: invalid escape sequence '\ '
  make_re = lambda s: re.compile('(Time\ to\ )' + s + '(.*s)')
/build/source/extras/performance/parseTimingOutput.py:16: SyntaxWarning: invalid escape sequence '\ '
  ("configure_and_load_plugins",  make_re('(configure\ and\ load\ plugins:)')),
/build/source/extras/performance/parseTimingOutput.py:17: SyntaxWarning: invalid escape sequence '\ '
  ("open_stage", make_re('(open\ stage.*:)')),
/build/source/extras/performance/parseTimingOutput.py:18: SyntaxWarning: invalid escape sequence '\ '
  ("reset_prim_browser", make_re('(reset\ Prim\ Browser\ to.*:)')),
/build/source/extras/performance/parseTimingOutput.py:19: SyntaxWarning: invalid escape sequence '\ '
  ("bring_up_the_ui", make_re('(bring\ up\ the\ UI:)')),
/build/source/extras/performance/parseTimingOutput.py:20: SyntaxWarning: invalid escape sequence '\ '
  ("create_first_image", make_re('(create\ first\ image:)')),
/build/source/extras/performance/parseTimingOutput.py:21: SyntaxWarning: invalid escape sequence '\ '
  ("shut_down_hydra", make_re('(shut\ down\ Hydra:)')),
/build/source/extras/performance/parseTimingOutput.py:22: SyntaxWarning: invalid escape sequence '\ '
  ("close_stage", make_re('(close\ stage.*:)')),
/build/source/extras/performance/parseTimingOutput.py:23: SyntaxWarning: invalid escape sequence '\ '
  ("tear_down_the_ui", make_re('(tear\ down\ the\ UI:)')),
/build/source/extras/performance/parseTimingOutput.py:24: SyntaxWarning: invalid escape sequence '\ '
  ("open_and_close_usdview", make_re('(open\ and\ close\ usdview:)')),
[2219/4282] Generating __init__.pyc
[2220/4282] Generating rendererArgs.pyc
[2221/4282] Generating complexityArgs.pyc
[2222/4282] Generating __init__.pyc
[2223/4282] Building CXX object pxr/base/arch/CMakeFiles/arch.dir/env.cpp.o
[2224/4282] Generating moduleDeps.cpp
[2225/4282] Building CXX object pxr/base/tf/CMakeFiles/tf.dir/bitUtils.cpp.o
[2226/4282] Building CXX object pxr/base/tf/CMakeFiles/tf.dir/anyUniquePtr.cpp.o
[2227/4282] Building CXX object pxr/base/tf/CMakeFiles/tf.dir/pxrDoubleConversion/cached-powers.cc.o
[2228/4282] Building CXX object pxr/base/tf/CMakeFiles/tf.dir/pxrDoubleConversion/fast-dtoa.cc.o
[2229/4282] Building CXX object pxr/base/tf/CMakeFiles/tf.dir/pxrDoubleConversion/bignum-dtoa.cc.o
[2230/4282] Building CXX object pxr/base/tf/CMakeFiles/tf.dir/pxrDoubleConversion/strtod.cc.o
[2231/4282] Building CXX object pxr/base/tf/CMakeFiles/tf.dir/pxrDoubleConversion/bignum.cc.o
[2232/4282] Building CXX object pxr/base/tf/CMakeFiles/tf.dir/denseHashSet.cpp.o
[2233/4282] Building CXX object pxr/base/tf/CMakeFiles/tf.dir/pxrDoubleConversion/fixed-dtoa.cc.o
[2234/4282] Building CXX object pxr/base/tf/CMakeFiles/tf.dir/denseHashMap.cpp.o
[2235/4282] Building CXX object pxr/base/tf/CMakeFiles/tf.dir/pxrDoubleConversion/double-to-string.cc.o
[2236/4282] Building CXX object pxr/base/tf/CMakeFiles/tf.dir/bigRWMutex.cpp.o
[2237/4282] Building CXX object pxr/base/tf/CMakeFiles/tf.dir/expiryNotifier.cpp.o
[2238/4282] Building CXX object pxr/base/tf/CMakeFiles/tf.dir/unicodeCharacterClasses.cpp.o
[2239/4282] Building CXX object pxr/base/tf/CMakeFiles/tf.dir/getenv.cpp.o
[2240/4282] Building CXX object pxr/base/tf/CMakeFiles/tf.dir/debugNotice.cpp.o
[2241/4282] Building CXX object pxr/base/tf/CMakeFiles/tf.dir/nullPtr.cpp.o
[2242/4282] Building CXX object pxr/base/tf/CMakeFiles/tf.dir/pyErrorInternal.cpp.o
[2243/4282] Building CXX object pxr/base/tf/CMakeFiles/tf.dir/pxrDoubleConversion/string-to-double.cc.o
[2244/4282] Building CXX object pxr/base/tf/CMakeFiles/tf.dir/exception.cpp.o
[2245/4282] Building CXX object pxr/base/tf/CMakeFiles/tf.dir/pointerAndBits.cpp.o
[2246/4282] Building CXX object pxr/base/tf/CMakeFiles/tf.dir/compressedBits.cpp.o
[2247/4282] Building CXX object pxr/base/tf/CMakeFiles/tf.dir/atomicOfstreamWrapper.cpp.o
[2248/4282] Building CXX object pxr/base/tf/CMakeFiles/tf.dir/fastCompression.cpp.o
[2249/4282] Building CXX object pxr/base/tf/CMakeFiles/tf.dir/hash.cpp.o
[2250/4282] Building CXX object pxr/base/tf/CMakeFiles/tf.dir/iterator.cpp.o
[2251/4282] Building CXX object pxr/base/tf/CMakeFiles/tf.dir/bits.cpp.o
[2252/4282] Building CXX object pxr/base/tf/CMakeFiles/tf.dir/ostreamMethods.cpp.o
[2253/4282] Building CXX object pxr/base/tf/CMakeFiles/tf.dir/pyLock.cpp.o
[2254/4282] Building CXX object pxr/base/tf/CMakeFiles/tf.dir/scoped.cpp.o
[2255/4282] Building CXX object pxr/base/tf/CMakeFiles/tf.dir/atomicRenameUtil.cpp.o
[2256/4282] Building CXX object pxr/base/tf/CMakeFiles/tf.dir/diagnostic.cpp.o
[2257/4282] Building CXX object pxr/base/tf/CMakeFiles/tf.dir/patternMatcher.cpp.o
[2258/4282] Building CXX object pxr/base/tf/CMakeFiles/tf.dir/debugCodes.cpp.o
[2259/4282] Building CXX object pxr/base/tf/CMakeFiles/tf.dir/refPtr.cpp.o
[2260/4282] Building CXX object pxr/base/tf/CMakeFiles/tf.dir/anyWeakPtr.cpp.o
[2261/4282] Building CXX object pxr/base/tf/CMakeFiles/tf.dir/errorTransport.cpp.o
[2262/4282] Building CXX object pxr/base/tf/CMakeFiles/tf.dir/refBase.cpp.o
[2263/4282] Building CXX object pxr/base/tf/CMakeFiles/tf.dir/moduleDeps.cpp.o
[2264/4282] Building CXX object pxr/base/tf/CMakeFiles/tf.dir/pyObjWrapper.cpp.o
[2265/4282] Building CXX object pxr/base/tf/CMakeFiles/tf.dir/pathUtils.cpp.o
[2266/4282] Building CXX object pxr/base/tf/CMakeFiles/tf.dir/spinMutex.cpp.o
[2267/4282] Building CXX object pxr/base/tf/CMakeFiles/tf.dir/smallVector.cpp.o
[2268/4282] Building CXX object pxr/base/tf/CMakeFiles/tf.dir/spinRWMutex.cpp.o
[2269/4282] Building CXX object pxr/base/tf/CMakeFiles/tf.dir/initConfig.cpp.o
[2270/4282] Building CXX object pxr/base/tf/CMakeFiles/tf.dir/safeOutputFile.cpp.o
[2271/4282] Building CXX object pxr/base/tf/CMakeFiles/tf.dir/error.cpp.o
[2272/4282] Building CXX object pxr/base/tf/CMakeFiles/tf.dir/singleton.cpp.o
[2273/4282] Building CXX object pxr/base/tf/CMakeFiles/tf.dir/tf.cpp.o
[2274/4282] Building CXX object pxr/base/tf/CMakeFiles/tf.dir/diagnosticBase.cpp.o
[2275/4282] Building CXX object pxr/base/tf/CMakeFiles/tf.dir/typeFunctions.cpp.o
[2276/4282] Building CXX object pxr/base/tf/CMakeFiles/tf.dir/setenv.cpp.o
[2277/4282] Building CXX object pxr/base/tf/CMakeFiles/tf.dir/refPtrTracker.cpp.o
[2278/4282] Building CXX object pxr/base/tf/CMakeFiles/tf.dir/fileUtils.cpp.o
[2279/4282] Building CXX object pxr/base/tf/CMakeFiles/tf.dir/diagnosticHelper.cpp.o
[2280/4282] Building CXX object pxr/base/tf/CMakeFiles/tf.dir/stackTrace.cpp.o
[2281/4282] Building CXX object pxr/base/tf/CMakeFiles/tf.dir/weakPtr.cpp.o
[2282/4282] Building CXX object pxr/base/tf/CMakeFiles/tf.dir/weakBase.cpp.o
[2283/4282] Building CXX object pxr/base/tf/CMakeFiles/tf.dir/unicodeUtils.cpp.o
[2284/4282] Building CXX object pxr/base/tf/CMakeFiles/tf.dir/warning.cpp.o
[2285/4282] Building CXX object pxr/base/tf/CMakeFiles/tf.dir/notice.cpp.o
[2286/4282] Building CXX object pxr/base/tf/CMakeFiles/tf.dir/stl.cpp.o
[2287/4282] Building CXX object pxr/base/tf/CMakeFiles/tf.dir/stacked.cpp.o
[2288/4282] Building CXX object pxr/base/tf/CMakeFiles/tf.dir/status.cpp.o
[2289/4282] Building CXX object pxr/base/tf/CMakeFiles/tf.dir/weakPtrFacade.cpp.o
[2290/4282] Building CXX object pxr/base/tf/CMakeFiles/tf.dir/stopwatch.cpp.o
[2291/4282] Building CXX object pxr/base/tf/CMakeFiles/tf.dir/envSetting.cpp.o
[2292/4282] Building CXX object pxr/base/tf/CMakeFiles/tf.dir/errorMark.cpp.o
[2293/4282] Building CXX object pxr/base/tf/CMakeFiles/tf.dir/typeNotice.cpp.o
[2294/4282] Building CXX object pxr/base/tf/CMakeFiles/tf.dir/dl.cpp.o
[2295/4282] Building CXX object pxr/base/tf/CMakeFiles/tf.dir/pyClassMethod.cpp.o
[2296/4282] Building CXX object pxr/base/tf/CMakeFiles/tf.dir/regTest.cpp.o
[2297/4282] Building CXX object pxr/base/tf/CMakeFiles/tf.dir/templateString.cpp.o
[2298/4282] Building CXX object pxr/base/tf/CMakeFiles/tf.dir/pyContainerConversions.cpp.o
[2299/4282] Building CXX object pxr/base/tf/CMakeFiles/tf.dir/scopeDescription.cpp.o
[2300/4282] Building CXX object pxr/base/tf/CMakeFiles/tf.dir/pyAnnotatedBoolResult.cpp.o
[2301/4282] Building CXX object pxr/base/tf/CMakeFiles/tf.dir/pyTracing.cpp.o
[2302/4282] Building CXX object pxr/base/tf/CMakeFiles/tf.dir/pyExceptionState.cpp.o
[2303/4282] Building CXX object pxr/base/tf/CMakeFiles/tf.dir/pyArg.cpp.o
[2304/4282] Building CXX object pxr/base/tf/CMakeFiles/tf.dir/pxrLZ4/lz4.cpp.o
[2305/4282] Building CXX object pxr/base/tf/CMakeFiles/tf.dir/stringUtils.cpp.o
[2306/4282] Building CXX object pxr/base/tf/CMakeFiles/tf.dir/pyWrapContext.cpp.o
[2307/4282] Building CXX object pxr/base/tf/CMakeFiles/tf.dir/pyCall.cpp.o
[2308/4282] Building CXX object pxr/base/tf/CMakeFiles/tf.dir/token.cpp.o
[2309/4282] Building CXX object pxr/base/tf/CMakeFiles/tf.dir/pyOptional.cpp.o
[2310/4282] Building CXX object pxr/base/tf/CMakeFiles/tf.dir/noticeRegistry.cpp.o
[2311/4282] Building CXX object pxr/base/tf/CMakeFiles/tf.dir/pyModuleNotice.cpp.o
[2312/4282] Building CXX object pxr/base/tf/CMakeFiles/tf.dir/pyOverride.cpp.o
[2313/4282] Building CXX object pxr/base/tf/CMakeFiles/tf.dir/pyCallContext.cpp.o
[2314/4282] Building CXX object pxr/base/tf/CMakeFiles/tf.dir/makePyConstructor.cpp.o
[2315/4282] Building CXX object pxr/base/tf/CMakeFiles/tf.dir/pyNoticeWrapper.cpp.o
[2316/4282] Building CXX object pxr/base/js/CMakeFiles/js.dir/utils.cpp.o
[2317/4282] Building CXX object pxr/base/tf/CMakeFiles/tf.dir/pyResultConversions.cpp.o
[2318/4282] Building CXX object pxr/base/tf/CMakeFiles/tf.dir/pyPtrHelpers.cpp.o
[2319/4282] Building CXX object pxr/base/tf/CMakeFiles/tf.dir/pyEnum.cpp.o
[2320/4282] Building CXX object pxr/base/tf/CMakeFiles/tf.dir/pyIdentity.cpp.o
[2321/4282] Building CXX object pxr/base/tf/CMakeFiles/tf.dir/pyError.cpp.o
[2322/4282] Building CXX object pxr/base/tf/CMakeFiles/tf.dir/pyObjectFinder.cpp.o
[2323/4282] Building CXX object pxr/base/tf/CMakeFiles/tf.dir/pySingleton.cpp.o
[2324/4282] Building CXX object pxr/base/tf/CMakeFiles/tf.dir/enum.cpp.o
[2325/4282] Building CXX object pxr/base/tf/CMakeFiles/tf.dir/pyFunction.cpp.o
[2326/4282] Building CXX object pxr/base/tf/CMakeFiles/tf.dir/wrapTypeHelpers.cpp.o
[2327/4282] Building CXX object pxr/base/tf/CMakeFiles/tf.dir/pyUtils.cpp.o
[2328/4282] Building CXX object pxr/base/tf/CMakeFiles/tf.dir/pyInvoke.cpp.o
[2329/4282] Building CXX object pxr/base/tf/CMakeFiles/tf.dir/pyPolymorphic.cpp.o
[2330/4282] Building CXX object pxr/base/tf/CMakeFiles/tf.dir/pyInterpreter.cpp.o
[2331/4282] Building CXX object pxr/base/tf/CMakeFiles/tf.dir/debug.cpp.o
[2332/4282] Building CXX object pxr/base/tf/CMakeFiles/tf.dir/registryManager.cpp.o
[2333/4282] Building CXX object pxr/base/js/CMakeFiles/js.dir/value.cpp.o
[2334/4282] Building CXX object pxr/base/tf/CMakeFiles/tf.dir/scriptModuleLoader.cpp.o
[2335/4282] Building CXX object pxr/base/tf/CMakeFiles/tf.dir/diagnosticMgr.cpp.o
[2336/4282] Building CXX object pxr/base/tf/CMakeFiles/tf.dir/type.cpp.o
[2337/4282] Building CXX object pxr/base/tf/CMakeFiles/tf.dir/pyModule.cpp.o
[2338/4282] Building CXX object pxr/base/js/CMakeFiles/js.dir/json.cpp.o
[2339/4282] Building CXX object pxr/base/tf/CMakeFiles/tf.dir/mallocTag.cpp.o
[2340/4282] Generating moduleDeps.cpp
[2341/4282] Generating moduleDeps.cpp
[2342/4282] Generating moduleDeps.cpp
[2343/4282] Building C object pxr/base/gf/CMakeFiles/gf.dir/nc/nanocolor.c.o
[2344/4282] Building CXX object pxr/base/trace/CMakeFiles/trace.dir/key.cpp.o
[2345/4282] Building CXX object pxr/base/trace/CMakeFiles/trace.dir/staticKeyData.cpp.o
[2346/4282] Building CXX object pxr/base/trace/CMakeFiles/trace.dir/dataBuffer.cpp.o
[2347/4282] Building CXX object pxr/base/trace/CMakeFiles/trace.dir/threads.cpp.o
[2348/4282] Building CXX object pxr/base/gf/CMakeFiles/gf.dir/ostreamHelpers.cpp.o
[2349/4282] Building CXX object pxr/base/trace/CMakeFiles/trace.dir/category.cpp.o
[2350/4282] Building CXX object pxr/base/trace/CMakeFiles/trace.dir/dynamicKey.cpp.o
[2351/4282] Building CXX object pxr/base/gf/CMakeFiles/gf.dir/moduleDeps.cpp.o
[2352/4282] Building CXX object pxr/base/trace/CMakeFiles/trace.dir/moduleDeps.cpp.o
[2353/4282] Building CXX object pxr/base/gf/CMakeFiles/gf.dir/bbox3d.cpp.o
[2354/4282] Building CXX object pxr/base/gf/CMakeFiles/gf.dir/camera.cpp.o
[2355/4282] Building CXX object pxr/base/gf/CMakeFiles/gf.dir/dualQuatd.cpp.o
[2356/4282] Building CXX object pxr/base/gf/CMakeFiles/gf.dir/dualQuatf.cpp.o
[2357/4282] Building CXX object pxr/base/gf/CMakeFiles/gf.dir/color.cpp.o
[2358/4282] Building CXX object pxr/base/gf/CMakeFiles/gf.dir/half.cpp.o
[2359/4282] Building CXX object pxr/base/trace/CMakeFiles/trace.dir/eventData.cpp.o
[2360/4282] Building CXX object pxr/base/gf/CMakeFiles/gf.dir/colorSpace.cpp.o
[2361/4282] Building CXX object pxr/base/trace/CMakeFiles/trace.dir/eventContainer.cpp.o
[2362/4282] Building CXX object pxr/base/gf/CMakeFiles/gf.dir/matrixData.cpp.o
[2363/4282] Building CXX object pxr/base/gf/CMakeFiles/gf.dir/homogeneous.cpp.o
[2364/4282] Building CXX object pxr/base/trace/CMakeFiles/trace.dir/event.cpp.o
[2365/4282] Building CXX object pxr/base/trace/CMakeFiles/trace.dir/reporterDataSourceBase.cpp.o
[2366/4282] Building CXX object pxr/base/trace/CMakeFiles/trace.dir/serialization.cpp.o
[2367/4282] Building CXX object pxr/base/gf/CMakeFiles/gf.dir/math.cpp.o
[2368/4282] Building CXX object pxr/base/trace/CMakeFiles/trace.dir/eventList.cpp.o
[2369/4282] Building CXX object pxr/base/gf/CMakeFiles/gf.dir/gamma.cpp.o
[2370/4282] Building CXX object pxr/base/trace/CMakeFiles/trace.dir/collection.cpp.o
[2371/4282] Building CXX object pxr/base/trace/CMakeFiles/trace.dir/reporterDataSourceCollection.cpp.o
[2372/4282] Building CXX object pxr/base/gf/CMakeFiles/gf.dir/lineSeg.cpp.o
[2373/4282] Building CXX object pxr/base/gf/CMakeFiles/gf.dir/ilmbase_half.cpp.o
[2374/4282] Building CXX object pxr/base/gf/CMakeFiles/gf.dir/interval.cpp.o
[2375/4282] Building CXX object pxr/base/gf/CMakeFiles/gf.dir/line.cpp.o
[2376/4282] Building CXX object pxr/base/gf/CMakeFiles/gf.dir/dualQuath.cpp.o
[2377/4282] Building CXX object pxr/base/gf/CMakeFiles/gf.dir/line2d.cpp.o
[2378/4282] Building CXX object pxr/base/gf/CMakeFiles/gf.dir/matrix2d.cpp.o
[2379/4282] Building CXX object pxr/base/gf/CMakeFiles/gf.dir/matrix2f.cpp.o
[2380/4282] Building CXX object pxr/base/trace/CMakeFiles/trace.dir/collectionNotice.cpp.o
[2381/4282] Building CXX object pxr/base/gf/CMakeFiles/gf.dir/lineSeg2d.cpp.o
[2382/4282] Building CXX object pxr/base/trace/CMakeFiles/trace.dir/counterAccumulator.cpp.o
[2383/4282] Building CXX object pxr/base/trace/CMakeFiles/trace.dir/aggregateTree.cpp.o
[2384/4282] Building CXX object pxr/base/trace/CMakeFiles/trace.dir/eventNode.cpp.o
[2385/4282] Building CXX object pxr/base/gf/CMakeFiles/gf.dir/plane.cpp.o
[2386/4282] Building CXX object pxr/base/gf/CMakeFiles/gf.dir/matrix3d.cpp.o
[2387/4282] Building CXX object pxr/base/gf/CMakeFiles/gf.dir/matrix3f.cpp.o
[2388/4282] Building CXX object pxr/base/gf/CMakeFiles/gf.dir/quatf.cpp.o
[2389/4282] Building CXX object pxr/base/gf/CMakeFiles/gf.dir/quatd.cpp.o
[2390/4282] Building CXX object pxr/base/gf/CMakeFiles/gf.dir/frustum.cpp.o
[2391/4282] Building CXX object pxr/base/gf/CMakeFiles/gf.dir/range1f.cpp.o
[2392/4282] Building CXX object pxr/base/gf/CMakeFiles/gf.dir/quaternion.cpp.o
[2393/4282] Building CXX object pxr/base/gf/CMakeFiles/gf.dir/size3.cpp.o
[2394/4282] Building CXX object pxr/base/trace/CMakeFiles/trace.dir/reporterBase.cpp.o
[2395/4282] Building CXX object pxr/base/gf/CMakeFiles/gf.dir/range1d.cpp.o
[2396/4282] Building CXX object pxr/base/gf/CMakeFiles/gf.dir/range2f.cpp.o
[2397/4282] Building CXX object pxr/base/gf/CMakeFiles/gf.dir/matrix4d.cpp.o
[2398/4282] Building CXX object pxr/base/gf/CMakeFiles/gf.dir/range3f.cpp.o
[2399/4282] Building CXX object pxr/base/gf/CMakeFiles/gf.dir/multiInterval.cpp.o
[2400/4282] Building CXX object pxr/base/gf/CMakeFiles/gf.dir/pyBufferUtils.cpp.o
[2401/4282] Building CXX object pxr/base/gf/CMakeFiles/gf.dir/quath.cpp.o
[2402/4282] Building CXX object pxr/base/gf/CMakeFiles/gf.dir/size2.cpp.o
[2403/4282] Building CXX object pxr/base/gf/CMakeFiles/gf.dir/vec2f.cpp.o
[2404/4282] Building CXX object pxr/base/trace/CMakeFiles/trace.dir/collector.cpp.o
[2405/4282] Building CXX object pxr/base/gf/CMakeFiles/gf.dir/matrix4f.cpp.o
[2406/4282] Building CXX object pxr/base/gf/CMakeFiles/gf.dir/range3d.cpp.o
[2407/4282] Building CXX object pxr/base/gf/CMakeFiles/gf.dir/range2d.cpp.o
[2408/4282] Building CXX object pxr/base/gf/CMakeFiles/gf.dir/vec2h.cpp.o
[2409/4282] Building CXX object pxr/base/trace/CMakeFiles/trace.dir/reporterDataSourceCollector.cpp.o
[2410/4282] Building CXX object pxr/base/gf/CMakeFiles/gf.dir/vec2d.cpp.o
[2411/4282] Building CXX object pxr/base/gf/CMakeFiles/gf.dir/vec3f.cpp.o
[2412/4282] Building CXX object pxr/base/gf/CMakeFiles/gf.dir/vec2i.cpp.o
[2413/4282] Building CXX object pxr/base/gf/CMakeFiles/gf.dir/vec3d.cpp.o
[2414/4282] Building CXX object pxr/base/trace/CMakeFiles/trace.dir/aggregateNode.cpp.o
[2415/4282] Building CXX object pxr/imaging/garch/CMakeFiles/garch.dir/glPlatformContextGLX.cpp.o
[2416/4282] Building CXX object pxr/base/gf/CMakeFiles/gf.dir/rect2i.cpp.o
[2417/4282] Building CXX object pxr/base/gf/CMakeFiles/gf.dir/vec4h.cpp.o
[2418/4282] Building CXX object pxr/base/gf/CMakeFiles/gf.dir/vec3i.cpp.o
[2419/4282] Building CXX object pxr/base/gf/CMakeFiles/gf.dir/vec4d.cpp.o
[2420/4282] Building CXX object pxr/base/gf/CMakeFiles/gf.dir/vec4i.cpp.o
[2421/4282] Building CXX object pxr/base/gf/CMakeFiles/gf.dir/transform.cpp.o
[2422/4282] Building CXX object pxr/base/gf/CMakeFiles/gf.dir/rotation.cpp.o
[2423/4282] Building CXX object pxr/imaging/garch/CMakeFiles/garch.dir/moduleDeps.cpp.o
[2424/4282] Building CXX object pxr/base/gf/CMakeFiles/gf.dir/ray.cpp.o
[2425/4282] Building CXX object pxr/base/trace/CMakeFiles/trace.dir/eventTree.cpp.o
[2426/4282] Building CXX object pxr/base/trace/CMakeFiles/trace.dir/aggregateTreeBuilder.cpp.o
[2427/4282] Building CXX object pxr/imaging/garch/CMakeFiles/garch.dir/glPlatformDebugContext.cpp.o
[2428/4282] Building CXX object pxr/base/gf/CMakeFiles/gf.dir/vec4f.cpp.o
[2429/4282] Building CXX object pxr/base/gf/CMakeFiles/gf.dir/vec3h.cpp.o
[2430/4282] Generating moduleDeps.cpp
[2431/4282] Building CXX object pxr/base/trace/CMakeFiles/trace.dir/jsonSerialization.cpp.o
[2432/4282] Building CXX object pxr/imaging/garch/CMakeFiles/garch.dir/glDebugWindow.cpp.o
[2433/4282] Building CXX object pxr/imaging/garch/CMakeFiles/garch.dir/glPlatformDebugWindowGLX.cpp.o
[2434/4282] Building CXX object pxr/imaging/cameraUtil/CMakeFiles/cameraUtil.dir/screenWindowParameters.cpp.o
[2435/4282] Building CXX object pxr/imaging/cameraUtil/CMakeFiles/cameraUtil.dir/conformWindow.cpp.o
[2436/4282] Building CXX object pxr/imaging/cameraUtil/CMakeFiles/cameraUtil.dir/framing.cpp.o
[2437/4282] Building CXX object pxr/base/trace/CMakeFiles/trace.dir/eventTreeBuilder.cpp.o
[2438/4282] Building CXX object pxr/imaging/cameraUtil/CMakeFiles/cameraUtil.dir/moduleDeps.cpp.o
[2439/4282] Building CXX object pxr/imaging/garch/CMakeFiles/garch.dir/glApi.cpp.o
[2440/4282] Building CXX object pxr/base/trace/CMakeFiles/trace.dir/reporter.cpp.o
[2441/4282] Generating moduleDeps.cpp
[2442/4282] Generating moduleDeps.cpp
[2443/4282] Building CXX object pxr/base/work/CMakeFiles/work.dir/singularTask.cpp.o
[2444/4282] Building CXX object pxr/base/vt/CMakeFiles/vt.dir/hash.cpp.o
[2445/4282] Building CXX object pxr/base/work/CMakeFiles/work.dir/moduleDeps.cpp.o
[2446/4282] Building CXX object pxr/base/work/CMakeFiles/work.dir/threadLimits.cpp.o
[2447/4282] Building CXX object pxr/base/work/CMakeFiles/work.dir/utils.cpp.o
[2448/4282] Building CXX object pxr/base/vt/CMakeFiles/vt.dir/moduleDeps.cpp.o
[2449/4282] Building CXX object pxr/base/vt/CMakeFiles/vt.dir/valueFromPython.cpp.o
[2450/4282] Building CXX object pxr/base/work/CMakeFiles/work.dir/loops.cpp.o
[2451/4282] Building CXX object pxr/base/vt/CMakeFiles/vt.dir/streamOut.cpp.o
In function ‘void pxrInternal_v0_25_5__pxrReserved__::{anonymous}::_StreamArrayRecursive(std::ostream&, const pxrInternal_v0_25_5__pxrReserved__::Vt_ShapeData&, pxrInternal_v0_25_5__pxrReserved__::TfFunctionRef<void(std::basic_ostream<char>&)>, size_t, size_t)’,
    inlined from ‘void pxrInternal_v0_25_5__pxrReserved__::{anonymous}::_StreamArrayRecursive(std::ostream&, const pxrInternal_v0_25_5__pxrReserved__::Vt_ShapeData&, pxrInternal_v0_25_5__pxrReserved__::TfFunctionRef<void(std::basic_ostream<char>&)>, size_t, size_t)’ at /build/source/pxr/base/vt/streamOut.cpp:89:34,
    inlined from ‘void pxrInternal_v0_25_5__pxrReserved__::{anonymous}::_StreamArrayRecursive(std::ostream&, const pxrInternal_v0_25_5__pxrReserved__::Vt_ShapeData&, pxrInternal_v0_25_5__pxrReserved__::TfFunctionRef<void(std::basic_ostream<char>&)>, size_t, size_t)’ at /build/source/pxr/base/vt/streamOut.cpp:89:34,
    inlined from ‘void pxrInternal_v0_25_5__pxrReserved__::{anonymous}::_StreamArrayRecursive(std::ostream&, const pxrInternal_v0_25_5__pxrReserved__::Vt_ShapeData&, pxrInternal_v0_25_5__pxrReserved__::TfFunctionRef<void(std::basic_ostream<char>&)>, size_t, size_t)’ at /build/source/pxr/base/vt/streamOut.cpp:89:34,
    inlined from ‘void pxrInternal_v0_25_5__pxrReserved__::VtStreamOutArray(std::ostream&, const Vt_ShapeData*, TfFunctionRef<void(std::basic_ostream<char>&)>)’ at /build/source/pxr/base/vt/streamOut.cpp:120:26:
/build/source/pxr/base/vt/streamOut.cpp:87:57: warning: array subscript 3 is above array bounds of ‘const unsigned int [3]’ [-Warray-bounds=]
   87 |         for (size_t j = 0; j < shape.otherDims[dimension]; ++j) {
      |                                ~~~~~~~~~~~~~~~~~~~~~~~~~^
In file included from /build/source/pxr/base/vt/streamOut.cpp:12:
/build/source/pxr/base/vt/types.h: In function ‘void pxrInternal_v0_25_5__pxrReserved__::VtStreamOutArray(std::ostream&, const Vt_ShapeData*, TfFunctionRef<void(std::basic_ostream<char>&)>)’:
/build/source/pxr/base/vt/types.h:307:18: note: while referencing ‘pxrInternal_v0_25_5__pxrReserved__::Vt_ShapeData::otherDims’
  307 |     unsigned int otherDims[NumOtherDims];
      |                  ^~~~~~~~~
In function ‘void pxrInternal_v0_25_5__pxrReserved__::{anonymous}::_StreamArrayRecursive(std::ostream&, const pxrInternal_v0_25_5__pxrReserved__::Vt_ShapeData&, pxrInternal_v0_25_5__pxrReserved__::TfFunctionRef<void(std::basic_ostream<char>&)>, size_t, size_t)’,
    inlined from ‘void pxrInternal_v0_25_5__pxrReserved__::{anonymous}::_StreamArrayRecursive(std::ostream&, const pxrInternal_v0_25_5__pxrReserved__::Vt_ShapeData&, pxrInternal_v0_25_5__pxrReserved__::TfFunctionRef<void(std::basic_ostream<char>&)>, size_t, size_t)’ at /build/source/pxr/base/vt/streamOut.cpp:89:34,
    inlined from ‘void pxrInternal_v0_25_5__pxrReserved__::{anonymous}::_StreamArrayRecursive(std::ostream&, const pxrInternal_v0_25_5__pxrReserved__::Vt_ShapeData&, pxrInternal_v0_25_5__pxrReserved__::TfFunctionRef<void(std::basic_ostream<char>&)>, size_t, size_t)’ at /build/source/pxr/base/vt/streamOut.cpp:89:34,
    inlined from ‘void pxrInternal_v0_25_5__pxrReserved__::{anonymous}::_StreamArrayRecursive(std::ostream&, const pxrInternal_v0_25_5__pxrReserved__::Vt_ShapeData&, pxrInternal_v0_25_5__pxrReserved__::TfFunctionRef<void(std::basic_ostream<char>&)>, size_t, size_t)’ at /build/source/pxr/base/vt/streamOut.cpp:89:34,
    inlined from ‘void pxrInternal_v0_25_5__pxrReserved__::{anonymous}::_StreamArrayRecursive(std::ostream&, const pxrInternal_v0_25_5__pxrReserved__::Vt_ShapeData&, pxrInternal_v0_25_5__pxrReserved__::TfFunctionRef<void(std::basic_ostream<char>&)>, size_t, size_t)’ at /build/source/pxr/base/vt/streamOut.cpp:89:34,
    inlined from ‘void pxrInternal_v0_25_5__pxrReserved__::VtStreamOutArray(std::ostream&, const Vt_ShapeData*, TfFunctionRef<void(std::basic_ostream<char>&)>)’ at /build/source/pxr/base/vt/streamOut.cpp:120:26:
/build/source/pxr/base/vt/streamOut.cpp:87:57: warning: array subscript 4 is above array bounds of ‘const unsigned int [3]’ [-Warray-bounds=]
   87 |         for (size_t j = 0; j < shape.otherDims[dimension]; ++j) {
      |                                ~~~~~~~~~~~~~~~~~~~~~~~~~^
/build/source/pxr/base/vt/types.h: In function ‘void pxrInternal_v0_25_5__pxrReserved__::VtStreamOutArray(std::ostream&, const Vt_ShapeData*, TfFunctionRef<void(std::basic_ostream<char>&)>)’:
/build/source/pxr/base/vt/types.h:307:18: note: while referencing ‘pxrInternal_v0_25_5__pxrReserved__::Vt_ShapeData::otherDims’
  307 |     unsigned int otherDims[NumOtherDims];
      |                  ^~~~~~~~~
[2452/4282] Building CXX object pxr/base/work/CMakeFiles/work.dir/dispatcher.cpp.o
[2453/4282] Building CXX object pxr/base/work/CMakeFiles/work.dir/reduce.cpp.o
[2454/4282] Building CXX object pxr/base/work/CMakeFiles/work.dir/detachedTask.cpp.o
[2455/4282] Generating moduleDeps.cpp
[2456/4282] Building CXX object pxr/imaging/hf/CMakeFiles/hf.dir/pluginBase.cpp.o
[2457/4282] Building CXX object pxr/base/plug/CMakeFiles/plug.dir/interfaceFactory.cpp.o
[2458/4282] Building CXX object pxr/base/vt/CMakeFiles/vt.dir/dictionary.cpp.o
[2459/4282] Building CXX object pxr/base/plug/CMakeFiles/plug.dir/staticInterface.cpp.o
[2460/4282] Building CXX object pxr/imaging/hf/CMakeFiles/hf.dir/pluginEntry.cpp.o
[2461/4282] Building CXX object pxr/base/plug/CMakeFiles/plug.dir/initConfig.cpp.o
[2462/4282] Building CXX object pxr/base/plug/CMakeFiles/plug.dir/debugCodes.cpp.o
[2463/4282] Building CXX object pxr/base/plug/CMakeFiles/plug.dir/notice.cpp.o
[2464/4282] Building CXX object pxr/base/plug/CMakeFiles/plug.dir/moduleDeps.cpp.o
[2465/4282] Building CXX object pxr/base/vt/CMakeFiles/vt.dir/wrapArray.cpp.o
[2466/4282] Building CXX object pxr/base/plug/CMakeFiles/plug.dir/testPlugBase.cpp.o
[2467/4282] Building CXX object pxr/imaging/hf/CMakeFiles/hf.dir/pluginRegistry.cpp.o
[2468/4282] Building CXX object pxr/base/plug/CMakeFiles/plug.dir/registry.cpp.o
[2469/4282] Building CXX object pxr/base/vt/CMakeFiles/vt.dir/types.cpp.o
[2470/4282] Building CXX object pxr/base/plug/CMakeFiles/plug.dir/plugin.cpp.o
[2471/4282] Building CXX object pxr/base/vt/CMakeFiles/vt.dir/value.cpp.o
[2472/4282] Building CXX object pxr/base/plug/CMakeFiles/plug.dir/info.cpp.o
[2473/4282] Generating moduleDeps.cpp
[2474/4282] Building CXX object pxr/usd/kind/CMakeFiles/kind.dir/moduleDeps.cpp.o
[2475/4282] Building CXX object pxr/usd/kind/CMakeFiles/kind.dir/registry.cpp.o
[2476/4282] Building CXX object pxr/base/vt/CMakeFiles/vt.dir/array.cpp.o
[2477/4282] Building CXX object pxr/base/vt/CMakeFiles/vt.dir/arrayPyBuffer.cpp.o
[2478/4282] Generating moduleDeps.cpp
[2479/4282] Generating moduleDeps.cpp
[2480/4282] Generating moduleDeps.cpp
[2481/4282] Building CXX object pxr/usd/ar/CMakeFiles/ar.dir/asset.cpp.o
[2482/4282] Building CXX object pxr/usd/ar/CMakeFiles/ar.dir/definePackageResolver.cpp.o
[2483/4282] Building CXX object pxr/usd/ar/CMakeFiles/ar.dir/packageResolver.cpp.o
[2484/4282] Building CXX object pxr/usd/ar/CMakeFiles/ar.dir/inMemoryAsset.cpp.o
[2485/4282] Building CXX object pxr/usd/ar/CMakeFiles/ar.dir/writableAsset.cpp.o
[2486/4282] Building CXX object pxr/usd/ar/CMakeFiles/ar.dir/resolvedPath.cpp.o
[2487/4282] Building CXX object pxr/usd/ar/CMakeFiles/ar.dir/defineResolver.cpp.o
[2488/4282] Building CXX object pxr/base/ts/CMakeFiles/ts.dir/typeHelpers.cpp.o
[2489/4282] Building CXX object pxr/base/ts/CMakeFiles/ts.dir/moduleDeps.cpp.o
[2490/4282] Building CXX object pxr/usd/ar/CMakeFiles/ar.dir/timestamp.cpp.o
[2491/4282] Building CXX object pxr/usd/ar/CMakeFiles/ar.dir/moduleDeps.cpp.o
[2492/4282] Building CXX object pxr/usd/ar/CMakeFiles/ar.dir/resolverContext.cpp.o
[2493/4282] Building CXX object pxr/usd/ar/CMakeFiles/ar.dir/defaultResolverContext.cpp.o
[2494/4282] Building CXX object pxr/usd/ar/CMakeFiles/ar.dir/filesystemAsset.cpp.o
[2495/4282] Building CXX object pxr/usd/ar/CMakeFiles/ar.dir/packageUtils.cpp.o
[2496/4282] Building CXX object pxr/usd/ar/CMakeFiles/ar.dir/notice.cpp.o
[2497/4282] Building CXX object pxr/usd/ar/CMakeFiles/ar.dir/pyResolverContext.cpp.o
[2498/4282] Building CXX object pxr/base/ts/CMakeFiles/ts.dir/debugCodes.cpp.o
[2499/4282] Building CXX object pxr/usd/ar/CMakeFiles/ar.dir/assetInfo.cpp.o
[2500/4282] Building CXX object pxr/usd/ar/CMakeFiles/ar.dir/resolverScopedCache.cpp.o
[2501/4282] Building CXX object pxr/base/ts/CMakeFiles/ts.dir/tangentConversions.cpp.o
[2502/4282] Building CXX object pxr/usd/ar/CMakeFiles/ar.dir/resolverContextBinder.cpp.o
[2503/4282] Building CXX object pxr/usd/ar/CMakeFiles/ar.dir/debugCodes.cpp.o
[2504/4282] Building CXX object pxr/base/ts/CMakeFiles/ts.dir/knotMap.cpp.o
[2505/4282] Building CXX object pxr/base/ts/CMakeFiles/ts.dir/knotData.cpp.o
[2506/4282] Building CXX object pxr/base/ts/CMakeFiles/ts.dir/raii.cpp.o
[2507/4282] Building CXX object pxr/usd/ar/CMakeFiles/ar.dir/filesystemWritableAsset.cpp.o
[2508/4282] Building CXX object pxr/imaging/hgi/CMakeFiles/hgi.dir/capabilities.cpp.o
[2509/4282] Building CXX object pxr/base/ts/CMakeFiles/ts.dir/types.cpp.o
[2510/4282] Building CXX object pxr/imaging/hio/CMakeFiles/hio.dir/types.cpp.o
[2511/4282] Building CXX object pxr/imaging/hgi/CMakeFiles/hgi.dir/computeCmdsDesc.cpp.o
[2512/4282] Building CXX object pxr/imaging/hio/CMakeFiles/hio.dir/debugCodes.cpp.o
[2513/4282] Building CXX object pxr/base/ts/CMakeFiles/ts.dir/regressionPreventer.cpp.o
[2514/4282] Building CXX object pxr/imaging/hgi/CMakeFiles/hgi.dir/cmds.cpp.o
[2515/4282] Building CXX object pxr/imaging/hgi/CMakeFiles/hgi.dir/attachmentDesc.cpp.o
[2516/4282] Building CXX object pxr/base/ts/CMakeFiles/ts.dir/knot.cpp.o
[2517/4282] Building CXX object pxr/imaging/hio/CMakeFiles/hio.dir/image.cpp.o
[2518/4282] Building CXX object pxr/base/ts/CMakeFiles/ts.dir/eval.cpp.o
[2519/4282] Building CXX object pxr/base/ts/CMakeFiles/ts.dir/sample.cpp.o
[2520/4282] Building CXX object pxr/imaging/hgi/CMakeFiles/hgi.dir/blitCmds.cpp.o
[2521/4282] Building CXX object pxr/imaging/hgi/CMakeFiles/hgi.dir/buffer.cpp.o
[2522/4282] Building CXX object pxr/imaging/hgi/CMakeFiles/hgi.dir/computePipeline.cpp.o
[2523/4282] Building CXX object pxr/imaging/pxOsd/CMakeFiles/pxOsd.dir/moduleDeps.cpp.o
[2524/4282] Building CXX object pxr/base/ts/CMakeFiles/ts.dir/splineData.cpp.o
[2525/4282] Building CXX object pxr/imaging/hgi/CMakeFiles/hgi.dir/computeCmds.cpp.o
[2526/4282] Building CXX object pxr/imaging/hgi/CMakeFiles/hgi.dir/graphicsCmdsDesc.cpp.o
[2527/4282] Building CXX object pxr/imaging/pxOsd/CMakeFiles/pxOsd.dir/tokens.cpp.o
[2528/4282] Building CXX object pxr/imaging/hgi/CMakeFiles/hgi.dir/graphicsCmds.cpp.o
[2529/4282] Building CXX object pxr/usd/ar/CMakeFiles/ar.dir/defaultResolver.cpp.o
[2530/4282] Building CXX object pxr/imaging/pxOsd/CMakeFiles/pxOsd.dir/subdivTags.cpp.o
[2531/4282] Building CXX object pxr/imaging/hgi/CMakeFiles/hgi.dir/indirectCommandEncoder.cpp.o
[2532/4282] Building CXX object pxr/imaging/hgi/CMakeFiles/hgi.dir/shaderSection.cpp.o
[2533/4282] Building CXX object pxr/imaging/hgi/CMakeFiles/hgi.dir/shaderProgram.cpp.o
[2534/4282] Building CXX object pxr/base/ts/CMakeFiles/ts.dir/binary.cpp.o
[2535/4282] Building CXX object pxr/imaging/hgi/CMakeFiles/hgi.dir/graphicsPipeline.cpp.o
[2536/4282] Building CXX object pxr/imaging/hgi/CMakeFiles/hgi.dir/texture.cpp.o
[2537/4282] Building CXX object pxr/imaging/hgi/CMakeFiles/hgi.dir/types.cpp.o
[2538/4282] Building CXX object pxr/imaging/hio/CMakeFiles/hio.dir/fieldTextureData.cpp.o
[2539/4282] Building CXX object pxr/imaging/hgi/CMakeFiles/hgi.dir/shaderGenerator.cpp.o
[2540/4282] Building CXX object pxr/imaging/hgi/CMakeFiles/hgi.dir/sampler.cpp.o
[2541/4282] Building CXX object pxr/imaging/hgi/CMakeFiles/hgi.dir/resourceBindings.cpp.o
[2542/4282] Building CXX object pxr/imaging/hio/CMakeFiles/hio.dir/glslfxResourceLayout.cpp.o
[2543/4282] Building CXX object pxr/imaging/hgi/CMakeFiles/hgi.dir/debugCodes.cpp.o
[2544/4282] Building CXX object pxr/imaging/hgi/CMakeFiles/hgi.dir/shaderFunction.cpp.o
[2545/4282] Building CXX object pxr/imaging/pxOsd/CMakeFiles/pxOsd.dir/refinerFactory.cpp.o
[2546/4282] Building CXX object pxr/imaging/hgi/CMakeFiles/hgi.dir/tokens.cpp.o
[2547/4282] Building CXX object pxr/imaging/hgiGL/CMakeFiles/hgiGL.dir/buffer.cpp.o
[2548/4282] Building CXX object pxr/imaging/hgi/CMakeFiles/hgi.dir/shaderFunctionDesc.cpp.o
[2549/4282] Building CXX object pxr/imaging/hgiGL/CMakeFiles/hgiGL.dir/conversions.cpp.o
[2550/4282] Building CXX object pxr/base/ts/CMakeFiles/ts.dir/spline.cpp.o
[2551/4282] Building CXX object pxr/imaging/hio/CMakeFiles/hio.dir/imageRegistry.cpp.o
[2552/4282] Building CXX object pxr/imaging/hgiGL/CMakeFiles/hgiGL.dir/computePipeline.cpp.o
[2553/4282] Building CXX object pxr/imaging/hgiGL/CMakeFiles/hgiGL.dir/diagnostic.cpp.o
[2554/4282] Building CXX object pxr/imaging/hgiGL/CMakeFiles/hgiGL.dir/shaderSection.cpp.o
[2555/4282] Building CXX object pxr/imaging/hgiGL/CMakeFiles/hgiGL.dir/device.cpp.o
[2556/4282] Building CXX object pxr/imaging/pxOsd/CMakeFiles/pxOsd.dir/meshTopology.cpp.o
[2557/4282] Building C object pxr/imaging/plugin/hioAvif/CMakeFiles/hioAvif.dir/aom/aom_codec.c.o
[2558/4282] Building C object pxr/imaging/plugin/hioAvif/CMakeFiles/hioAvif.dir/aom/aom_decoder.c.o
[2559/4282] Building CXX object pxr/imaging/hgiGL/CMakeFiles/hgiGL.dir/blitCmds.cpp.o
[2560/4282] Building C object pxr/imaging/plugin/hioAvif/CMakeFiles/hioAvif.dir/aom/aom_integer.c.o
[2561/4282] Building CXX object pxr/imaging/hgiGL/CMakeFiles/hgiGL.dir/scopedStateHolder.cpp.o
[2562/4282] Building CXX object pxr/imaging/hio/CMakeFiles/hio.dir/dictionary.cpp.o
[2563/4282] Building CXX object pxr/imaging/hgiGL/CMakeFiles/hgiGL.dir/graphicsCmds.cpp.o
[2564/4282] Building CXX object pxr/imaging/hgiGL/CMakeFiles/hgiGL.dir/shaderFunction.cpp.o
[2565/4282] Building C object pxr/imaging/plugin/hioAvif/CMakeFiles/hioAvif.dir/aom/aom_dsp/aom_dsp_rtcd.c.o
[2566/4282] Building C object pxr/imaging/plugin/hioAvif/CMakeFiles/hioAvif.dir/aom/aom_dsp/binary_codes_reader.c.o
[2567/4282] Building C object pxr/imaging/plugin/hioAvif/CMakeFiles/hioAvif.dir/aom/aom_dsp/bitreader.c.o
[2568/4282] Building CXX object pxr/imaging/hgiGL/CMakeFiles/hgiGL.dir/shaderProgram.cpp.o
[2569/4282] Building CXX object pxr/imaging/hgiGL/CMakeFiles/hgiGL.dir/graphicsPipeline.cpp.o
[2570/4282] Building CXX object pxr/imaging/hgiGL/CMakeFiles/hgiGL.dir/computeCmds.cpp.o
[2571/4282] Building C object pxr/imaging/plugin/hioAvif/CMakeFiles/hioAvif.dir/aom/aom_dsp/blend_a64_hmask.c.o
[2572/4282] Building C object pxr/imaging/plugin/hioAvif/CMakeFiles/hioAvif.dir/aom/aom_dsp/bitreader_buffer.c.o
[2573/4282] Building C object pxr/imaging/plugin/hioAvif/CMakeFiles/hioAvif.dir/aom/aom_image.c.o
[2574/4282] Building C object pxr/imaging/plugin/hioAvif/CMakeFiles/hioAvif.dir/aom/aom_dsp/entcode.c.o
[2575/4282] Building CXX object pxr/imaging/hgiGL/CMakeFiles/hgiGL.dir/sampler.cpp.o
[2576/4282] Building C object pxr/imaging/plugin/hioAvif/CMakeFiles/hioAvif.dir/aom/aom_dsp/entdec.c.o
[2577/4282] Building C object pxr/imaging/plugin/hioAvif/CMakeFiles/hioAvif.dir/aom/aom_scale/aom_scale_rtcd.c.o
[2578/4282] Building CXX object pxr/imaging/hgiGL/CMakeFiles/hgiGL.dir/debugCodes.cpp.o
[2579/4282] Building C object pxr/imaging/plugin/hioAvif/CMakeFiles/hioAvif.dir/aom/aom_dsp/blend_a64_vmask.c.o
[2580/4282] Building C object pxr/imaging/plugin/hioAvif/CMakeFiles/hioAvif.dir/aom/aom_dsp/aom_convolve.c.o
[2581/4282] Building CXX object pxr/imaging/hgiGL/CMakeFiles/hgiGL.dir/resourceBindings.cpp.o
[2582/4282] Building C object pxr/imaging/plugin/hioAvif/CMakeFiles/hioAvif.dir/aom/aom_mem/aom_mem.c.o
[2583/4282] Building C object pxr/imaging/plugin/hioAvif/CMakeFiles/hioAvif.dir/aom/aom_scale/generic/aom_scale.c.o
[2584/4282] Building CXX object pxr/imaging/hgi/CMakeFiles/hgi.dir/unitTestHelper.cpp.o
[2585/4282] Building C object pxr/imaging/plugin/hioAvif/CMakeFiles/hioAvif.dir/aom/aom_scale/generic/yv12config.c.o
[2586/4282] Building C object pxr/imaging/plugin/hioAvif/CMakeFiles/hioAvif.dir/aom/aom_util/aom_thread.c.o
[2587/4282] Building C object pxr/imaging/plugin/hioAvif/CMakeFiles/hioAvif.dir/aom/aom_scale/generic/gen_scalers.c.o
[2588/4282] Building C object pxr/imaging/plugin/hioAvif/CMakeFiles/hioAvif.dir/aom/aom_dsp/blend_a64_mask.c.o
[2589/4282] Building CXX object pxr/imaging/hgi/CMakeFiles/hgi.dir/hgi.cpp.o
[2590/4282] Building C object pxr/imaging/plugin/hioAvif/CMakeFiles/hioAvif.dir/aom/av1/common/av1_rtcd.c.o
[2591/4282] Building CXX object pxr/imaging/hgiGL/CMakeFiles/hgiGL.dir/texture.cpp.o
[2592/4282] Building C object pxr/imaging/plugin/hioAvif/CMakeFiles/hioAvif.dir/aom/av1/common/av1_txfm.c.o
[2593/4282] Building C object pxr/imaging/plugin/hioAvif/CMakeFiles/hioAvif.dir/aom/av1/common/blockd.c.o
[2594/4282] Building C object pxr/imaging/plugin/hioAvif/CMakeFiles/hioAvif.dir/aom/av1/common/alloccommon.c.o
[2595/4282] Building CXX object pxr/imaging/pxOsd/CMakeFiles/pxOsd.dir/meshTopologyValidation.cpp.o
[2596/4282] Building CXX object pxr/imaging/hgiGL/CMakeFiles/hgiGL.dir/capabilities.cpp.o
[2597/4282] Generating moduleDeps.cpp
[2598/4282] Building C object pxr/imaging/plugin/hioAvif/CMakeFiles/hioAvif.dir/aom/aom_scale/generic/yv12extend.c.o
[2599/4282] Building CXX object pxr/imaging/hgiGL/CMakeFiles/hgiGL.dir/garbageCollector.cpp.o
[2600/4282] Building C object pxr/imaging/plugin/hioAvif/CMakeFiles/hioAvif.dir/aom/av1/common/frame_buffers.c.o
[2601/4282] Building C object pxr/imaging/plugin/hioAvif/CMakeFiles/hioAvif.dir/aom/av1/common/entropymv.c.o
[2602/4282] Building CXX object pxr/imaging/hgiInterop/CMakeFiles/hgiInterop.dir/hgiInterop.cpp.o
[2603/4282] Building C object pxr/imaging/plugin/hioAvif/CMakeFiles/hioAvif.dir/aom/av1/common/idct.c.o
[2604/4282] Building CXX object pxr/imaging/hio/CMakeFiles/hio.dir/OpenEXRImage.cpp.o
[2605/4282] Building C object pxr/imaging/plugin/hioAvif/CMakeFiles/hioAvif.dir/aom/av1/common/cdef_block.c.o
[2606/4282] Building C object pxr/imaging/plugin/hioAvif/CMakeFiles/hioAvif.dir/aom/av1/common/entropymode.c.o
[2607/4282] Building C object pxr/imaging/plugin/hioAvif/CMakeFiles/hioAvif.dir/aom/av1/common/entropy.c.o
[2608/4282] Building CXX object pxr/imaging/hio/CMakeFiles/hio.dir/glslfx.cpp.o
[2609/4282] Building C object pxr/imaging/plugin/hioAvif/CMakeFiles/hioAvif.dir/aom/av1/common/obu_util.c.o
[2610/4282] Building CXX object pxr/imaging/hgiGL/CMakeFiles/hgiGL.dir/contextArena.cpp.o
[2611/4282] Building C object pxr/imaging/plugin/hioAvif/CMakeFiles/hioAvif.dir/aom/av1/common/av1_inv_txfm2d.c.o
[2612/4282] Building C object pxr/imaging/plugin/hioAvif/CMakeFiles/hioAvif.dir/aom/av1/av1_dx_iface.c.o
[2613/4282] Building C object pxr/imaging/plugin/hioAvif/CMakeFiles/hioAvif.dir/aom/av1/common/av1_loopfilter.c.o
[2614/4282] Building C object pxr/imaging/plugin/hioAvif/CMakeFiles/hioAvif.dir/aom/av1/common/pred_common.c.o
[2615/4282] Building C object pxr/imaging/plugin/hioAvif/CMakeFiles/hioAvif.dir/aom/av1/common/quant_common.c.o
[2616/4282] Building CXX object pxr/imaging/hgiInterop/CMakeFiles/hgiInterop.dir/opengl.cpp.o
[2617/4282] Building C object pxr/imaging/plugin/hioAvif/CMakeFiles/hioAvif.dir/aom/av1/common/cdef.c.o
[2618/4282] Building C object pxr/imaging/plugin/hioAvif/CMakeFiles/hioAvif.dir/aom/av1/common/seg_common.c.o
[2619/4282] Building C object pxr/imaging/plugin/hioAvif/CMakeFiles/hioAvif.dir/aom/av1/common/av1_scale.c.o
[2620/4282] Building C object pxr/imaging/plugin/hioAvif/CMakeFiles/hioAvif.dir/aom/av1/common/scan.c.o
[2621/4282] Building C object pxr/imaging/plugin/hioAvif/CMakeFiles/hioAvif.dir/aom/aom_dsp/loopfilter.c.o
[2622/4282] Building CXX object pxr/imaging/hio/CMakeFiles/hio.dir/glslfxConfig.cpp.o
[2623/4282] Building C object pxr/imaging/plugin/hioAvif/CMakeFiles/hioAvif.dir/aom/av1/common/timing.c.o
[2624/4282] Building CXX object pxr/imaging/hgiGL/CMakeFiles/hgiGL.dir/shaderGenerator.cpp.o
[2625/4282] Building C object pxr/imaging/plugin/hioAvif/CMakeFiles/hioAvif.dir/aom/aom_dsp/grain_synthesis.c.o
[2626/4282] Building CXX object pxr/imaging/hgiGL/CMakeFiles/hgiGL.dir/hgi.cpp.o
[2627/4282] Building C object pxr/imaging/plugin/hioAvif/CMakeFiles/hioAvif.dir/aom/av1/common/convolve.c.o
[2628/4282] Building CXX object pxr/imaging/geomUtil/CMakeFiles/geomUtil.dir/moduleDeps.cpp.o
[2629/4282] Building C object pxr/imaging/plugin/hioAvif/CMakeFiles/hioAvif.dir/aom/av1/common/txb_common.c.o
[2630/4282] Building C object pxr/imaging/plugin/hioAvif/CMakeFiles/hioAvif.dir/aom/av1/common/tile_common.c.o
[2631/4282] Building C object pxr/imaging/plugin/hioAvif/CMakeFiles/hioAvif.dir/aom/av1/decoder/detokenize.c.o
[2632/4282] Building C object pxr/imaging/plugin/hioAvif/CMakeFiles/hioAvif.dir/AVIF/src/codec_aom.c.o
[2633/4282] Building C object pxr/imaging/plugin/hioAvif/CMakeFiles/hioAvif.dir/aom/av1/common/thread_common.c.o
[2634/4282] Building CXX object pxr/imaging/geomUtil/CMakeFiles/geomUtil.dir/tokens.cpp.o
[2635/4282] Building C object pxr/imaging/plugin/hioAvif/CMakeFiles/hioAvif.dir/AVIF/src/alpha.c.o
[2636/4282] Building C object pxr/imaging/plugin/hioAvif/CMakeFiles/hioAvif.dir/AVIF/src/diag.c.o
[2637/4282] Building C object pxr/imaging/plugin/hioAvif/CMakeFiles/hioAvif.dir/aom/av1/decoder/decoder.c.o
[2638/4282] Building C object pxr/imaging/plugin/hioAvif/CMakeFiles/hioAvif.dir/AVIF/src/io.c.o
[2639/4282] Building C object pxr/imaging/plugin/hioAvif/CMakeFiles/hioAvif.dir/AVIF/src/mem.c.o
[2640/4282] Building C object pxr/imaging/plugin/hioAvif/CMakeFiles/hioAvif.dir/AVIF/src/exif.c.o
[2641/4282] Building C object pxr/imaging/plugin/hioAvif/CMakeFiles/hioAvif.dir/AVIF/src/rawdata.c.o
[2642/4282] Building C object pxr/imaging/plugin/hioAvif/CMakeFiles/hioAvif.dir/AVIF/src/reformat_libsharpyuv.c.o
[2643/4282] Building C object pxr/imaging/plugin/hioAvif/CMakeFiles/hioAvif.dir/aom/av1/common/warped_motion.c.o
[2644/4282] Building C object pxr/imaging/plugin/hioAvif/CMakeFiles/hioAvif.dir/aom/av1/decoder/obu.c.o
[2645/4282] Building C object pxr/imaging/plugin/hioAvif/CMakeFiles/hioAvif.dir/AVIF/src/avif.c.o
[2646/4282] Building C object pxr/imaging/plugin/hioAvif/CMakeFiles/hioAvif.dir/AVIF/src/reformat_libyuv.c.o
[2647/4282] Building CXX object pxr/imaging/hgiGL/CMakeFiles/hgiGL.dir/ops.cpp.o
[2648/4282] Building C object pxr/imaging/plugin/hioAvif/CMakeFiles/hioAvif.dir/AVIF/src/colr.c.o
[2649/4282] Building C object pxr/imaging/plugin/hioAvif/CMakeFiles/hioAvif.dir/aom/av1/common/mvref_common.c.o
[2650/4282] Building C object pxr/imaging/plugin/hioAvif/CMakeFiles/hioAvif.dir/AVIF/src/avif-scale.c.o
[2651/4282] Building C object pxr/imaging/plugin/hioAvif/CMakeFiles/hioAvif.dir/AVIF/src/src-libyuv/planar_functions.c.o
[2652/4282] Building C object pxr/imaging/plugin/hioAvif/CMakeFiles/hioAvif.dir/aom/av1/decoder/decodetxb.c.o
[2653/4282] Building C object pxr/imaging/plugin/hioAvif/CMakeFiles/hioAvif.dir/aom/av1/common/reconinter.c.o
[2654/4282] Building CXX object pxr/imaging/geomUtil/CMakeFiles/geomUtil.dir/cylinderMeshGenerator.cpp.o
[2655/4282] Building C object pxr/imaging/plugin/hioAvif/CMakeFiles/hioAvif.dir/AVIF/src/src-libyuv/scale_any.c.o
[2656/4282] Building C object pxr/imaging/plugin/hioAvif/CMakeFiles/hioAvif.dir/AVIF/src/src-libyuv/row_common.c.o
[2657/4282] Building C object pxr/imaging/plugin/hioAvif/CMakeFiles/hioAvif.dir/AVIF/src/utils.c.o
[2658/4282] Building CXX object pxr/imaging/geomUtil/CMakeFiles/geomUtil.dir/diskMeshGenerator.cpp.o
[2659/4282] Building C object pxr/imaging/plugin/hioAvif/CMakeFiles/hioAvif.dir/aom/av1/common/restoration.c.o
[2660/4282] Building C object pxr/imaging/plugin/hioAvif/CMakeFiles/hioAvif.dir/AVIF/src/avif_obu.c.o
[2661/4282] Building C object pxr/imaging/plugin/hioAvif/CMakeFiles/hioAvif.dir/AVIF/src/stream.c.o
[2662/4282] Building CXX object pxr/imaging/geomUtil/CMakeFiles/geomUtil.dir/capsuleMeshGenerator.cpp.o
[2663/4282] Building C object pxr/imaging/plugin/hioAvif/CMakeFiles/hioAvif.dir/aom/av1/common/av1_inv_txfm1d.c.o
[2664/4282] Building C object pxr/imaging/plugin/hioAvif/CMakeFiles/hioAvif.dir/AVIF/src/src-libyuv/yuv_scale.c.o
[2665/4282] Building C object pxr/imaging/plugin/hioAvif/CMakeFiles/hioAvif.dir/aom/av1/common/resize.c.o
[2666/4282] Building CXX object pxr/imaging/geomUtil/CMakeFiles/geomUtil.dir/planeMeshGenerator.cpp.o
[2667/4282] Building CXX object pxr/imaging/geomUtil/CMakeFiles/geomUtil.dir/cuboidMeshGenerator.cpp.o
[2668/4282] Building C object pxr/imaging/plugin/hioAvif/CMakeFiles/hioAvif.dir/aom/av1/common/reconintra.c.o
[2669/4282] Building CXX object pxr/imaging/geomUtil/CMakeFiles/geomUtil.dir/meshGeneratorBase.cpp.o
[2670/4282] Building C object pxr/imaging/plugin/hioAvif/CMakeFiles/hioAvif.dir/AVIF/src/src-libyuv/scale_common.c.o
[2671/4282] Building C object pxr/imaging/plugin/hioAvif/CMakeFiles/hioAvif.dir/AVIF/src/write.c.o
[2672/4282] Building CXX object pxr/usd/ar/CMakeFiles/ar.dir/resolver.cpp.o
[2673/4282] Generating moduleDeps.cpp
[2674/4282] Building CXX object pxr/imaging/geomUtil/CMakeFiles/geomUtil.dir/coneMeshGenerator.cpp.o
[2675/4282] Building CXX object pxr/imaging/geomUtil/CMakeFiles/geomUtil.dir/sphereMeshGenerator.cpp.o
[2676/4282] Building C object pxr/imaging/plugin/hioAvif/CMakeFiles/hioAvif.dir/AVIF/src/read.c.o
[2677/4282] Building C object pxr/imaging/plugin/hioAvif/CMakeFiles/hioAvif.dir/AVIF/src/reformat.c.o
[2678/4282] Building C object pxr/imaging/plugin/hioAvif/CMakeFiles/hioAvif.dir/aom/av1/decoder/decodemv.c.o
[2679/4282] Building CXX object pxr/usd/sdf/CMakeFiles/sdf.dir/allowed.cpp.o
[2680/4282] Building CXX object pxr/usd/sdf/CMakeFiles/sdf.dir/moduleDeps.cpp.o
[2681/4282] Building CXX object pxr/usd/sdf/CMakeFiles/sdf.dir/debugCodes.cpp.o
[2682/4282] Building CXX object pxr/imaging/plugin/hioAvif/CMakeFiles/hioAvif.dir/AVIFImage.cpp.o
[2683/4282] Building C object pxr/imaging/plugin/hioAvif/CMakeFiles/hioAvif.dir/aom/av1/decoder/decodeframe.c.o
[2684/4282] Building C object pxr/imaging/plugin/hioAvif/CMakeFiles/hioAvif.dir/aom/av1/common/cfl.c.o
[2685/4282] Building CXX object pxr/usd/sdf/CMakeFiles/sdf.dir/assetPath.cpp.o
[2686/4282] Building CXX object pxr/usd/sdf/CMakeFiles/sdf.dir/childrenProxy.cpp.o
[2687/4282] Building CXX object pxr/usd/sdf/CMakeFiles/sdf.dir/vectorListEditor.cpp.o
[2688/4282] Building CXX object pxr/usd/sdf/CMakeFiles/sdf.dir/subLayerListEditor.cpp.o
[2689/4282] Building CXX object pxr/usd/sdf/CMakeFiles/sdf.dir/childrenPolicies.cpp.o
[2690/4282] Building CXX object pxr/usd/sdf/CMakeFiles/sdf.dir/cleanupTracker.cpp.o
[2691/4282] Building C object pxr/imaging/plugin/hioAvif/CMakeFiles/hioAvif.dir/aom/aom_dsp/intrapred.c.o
[2692/4282] Building CXX object pxr/usd/sdf/CMakeFiles/sdf.dir/textParserContext.cpp.o
[2693/4282] Building CXX object pxr/usd/sdf/CMakeFiles/sdf.dir/abstractData.cpp.o
[2694/4282] Building CXX object pxr/usd/sdf/CMakeFiles/sdf.dir/changeBlock.cpp.o
[2695/4282] Building CXX object pxr/usd/sdf/CMakeFiles/sdf.dir/attributeSpec.cpp.o
[2696/4282] Building CXX object pxr/usd/sdf/CMakeFiles/sdf.dir/listOpListEditor.cpp.o
[2697/4282] Building CXX object pxr/usd/sdf/CMakeFiles/sdf.dir/childrenView.cpp.o
[2698/4282] Building CXX object pxr/usd/sdf/CMakeFiles/sdf.dir/fileFormatRegistry.cpp.o
[2699/4282] Building CXX object pxr/usd/sdf/CMakeFiles/sdf.dir/pathParser.cpp.o
[2700/4282] Building CXX object pxr/usd/sdf/CMakeFiles/sdf.dir/assetPathResolver.cpp.o
[2701/4282] Building CXX object pxr/usd/sdf/CMakeFiles/sdf.dir/valueTypeRegistry.cpp.o
[2702/4282] Building CXX object pxr/usd/sdf/CMakeFiles/sdf.dir/layerOffset.cpp.o
[2703/4282] Building CXX object pxr/usd/sdf/CMakeFiles/sdf.dir/layerTree.cpp.o
[2704/4282] Building CXX object pxr/usd/sdf/CMakeFiles/sdf.dir/connectionListEditor.cpp.o
[2705/4282] Building CXX object pxr/usd/sdf/CMakeFiles/sdf.dir/changeList.cpp.o
[2706/4282] Building CXX object pxr/usd/sdf/CMakeFiles/sdf.dir/layerRegistry.cpp.o
[2707/4282] Building CXX object pxr/usd/sdf/CMakeFiles/sdf.dir/parserValueContext.cpp.o
[2708/4282] Building CXX object pxr/usd/sdf/CMakeFiles/sdf.dir/changeManager.cpp.o
[2709/4282] Building CXX object pxr/imaging/hio/CMakeFiles/hio.dir/stbImage.cpp.o
In file included from /build/source/pxr/imaging/hio/stbImage.cpp:41:
/build/source/pxr/imaging/hio/stb/stb_image.h: In function ‘int stbi__parse_png_file(stbi__png*, int, int)’:
/build/source/pxr/imaging/hio/stb/stb_image.h:5166:56: warning: writing 1 byte into a region of size 0 [-Wstringop-overflow=]
 5166 |                   for (k = 0; k < s->img_n; ++k) tc[k] = (stbi_uc)(stbi__get16be(s) & 255) * stbi__depth_scale_table[z->depth]; // non 8-bit images will be larger
      |                                                  ~~~~~~^~~~~~~~~~~~~~~~~~~~~~~~~~~~~~~~~~~~~~~~~~~~~~~~~~~~~~~~~~~~~~~~~~~~~~~
/build/source/pxr/imaging/hio/stb/stb_image.h:5081:25: note: at offset 3 into destination object ‘tc’ of size 3
 5081 |    stbi_uc has_trans=0, tc[3]={0};
      |                         ^~
[2710/4282] Building CXX object pxr/usd/sdf/CMakeFiles/sdf.dir/identity.cpp.o
[2711/4282] Building CXX object pxr/usd/sdf/CMakeFiles/sdf.dir/opaqueValue.cpp.o
[2712/4282] Building CXX object pxr/usd/sdf/CMakeFiles/sdf.dir/children.cpp.o
[2713/4282] Building CXX object pxr/usd/sdf/CMakeFiles/sdf.dir/mapEditProxy.cpp.o
[2714/4282] Building CXX object pxr/usd/sdf/CMakeFiles/sdf.dir/cleanupEnabler.cpp.o
[2715/4282] Building CXX object pxr/usd/sdf/CMakeFiles/sdf.dir/listProxy.cpp.o
[2716/4282] Building CXX object pxr/usd/sdf/CMakeFiles/sdf.dir/fileIO.cpp.o
[2717/4282] Building C object pxr/imaging/hio/CMakeFiles/hio.dir/OpenEXR/openexr-c.c.o
[2718/4282] Building CXX object pxr/usd/sdf/CMakeFiles/sdf.dir/declareHandles.cpp.o
[2719/4282] Building CXX object pxr/usd/sdf/CMakeFiles/sdf.dir/listEditor.cpp.o
[2720/4282] Building CXX object pxr/usd/sdf/CMakeFiles/sdf.dir/layerStateDelegate.cpp.o
[2721/4282] Building CXX object pxr/usd/sdf/CMakeFiles/sdf.dir/listEditorProxy.cpp.o
[2722/4282] Building CXX object pxr/usd/sdf/CMakeFiles/sdf.dir/pool.cpp.o
[2723/4282] Building CXX object pxr/usd/sdf/CMakeFiles/sdf.dir/fileIO_Common.cpp.o
[2724/4282] Building CXX object pxr/usd/sdf/CMakeFiles/sdf.dir/predicateLibrary.cpp.o
[2725/4282] Building CXX object pxr/usd/sdf/CMakeFiles/sdf.dir/pathTable.cpp.o
[2726/4282] Building CXX object pxr/usd/sdf/CMakeFiles/sdf.dir/notice.cpp.o
[2727/4282] Building CXX object pxr/usd/sdf/CMakeFiles/sdf.dir/fileFormat.cpp.o
[2728/4282] Building CXX object pxr/usd/sdf/CMakeFiles/sdf.dir/payload.cpp.o
[2729/4282] Building CXX object pxr/usd/sdf/CMakeFiles/sdf.dir/layerUtils.cpp.o
[2730/4282] Building CXX object pxr/usd/sdf/CMakeFiles/sdf.dir/pathExpressionEval.cpp.o
[2731/4282] Building CXX object pxr/usd/sdf/CMakeFiles/sdf.dir/data.cpp.o
[2732/4282] Building CXX object pxr/usd/sdf/CMakeFiles/sdf.dir/namespaceEdit.cpp.o
[2733/4282] Building CXX object pxr/usd/sdf/CMakeFiles/sdf.dir/textParserHelpers.cpp.o
[2734/4282] Building CXX object pxr/usd/sdf/CMakeFiles/sdf.dir/tokens.cpp.o
[2735/4282] Building CXX object pxr/usd/sdf/CMakeFiles/sdf.dir/timeCode.cpp.o
[2736/4282] Building CXX object pxr/usd/sdf/CMakeFiles/sdf.dir/proxyPolicies.cpp.o
[2737/4282] Building CXX object pxr/usd/sdf/CMakeFiles/sdf.dir/pathPattern.cpp.o
[2738/4282] Building CXX object pxr/usd/sdf/CMakeFiles/sdf.dir/reference.cpp.o
[2739/4282] Building CXX object pxr/usd/sdf/CMakeFiles/sdf.dir/valueTypeName.cpp.o
[2740/4282] Building CXX object pxr/usd/sdf/CMakeFiles/sdf.dir/copyUtils.cpp.o
[2741/4282] Building CXX object pxr/usd/sdf/CMakeFiles/sdf.dir/mapEditor.cpp.o
[2742/4282] Building CXX object pxr/usd/sdf/CMakeFiles/sdf.dir/pathNode.cpp.o
[2743/4282] Building CXX object pxr/usd/sdf/CMakeFiles/sdf.dir/variableExpression.cpp.o
[2744/4282] Building CXX object pxr/usd/sdf/CMakeFiles/sdf.dir/pseudoRootSpec.cpp.o
[2745/4282] Building CXX object pxr/usd/sdf/CMakeFiles/sdf.dir/siteUtils.cpp.o
[2746/4282] Building CXX object pxr/usd/sdf/CMakeFiles/sdf.dir/pyChildrenView.cpp.o
[2747/4282] Building CXX object pxr/usd/sdf/CMakeFiles/sdf.dir/variableExpressionParser.cpp.o
[2748/4282] Building CXX object pxr/usd/sdf/CMakeFiles/sdf.dir/path.cpp.o
[2749/4282] Building CXX object pxr/usd/sdf/CMakeFiles/sdf.dir/pyListOp.cpp.o
[2750/4282] Building CXX object pxr/usd/sdf/CMakeFiles/sdf.dir/pyMapEditProxy.cpp.o
[2751/4282] Building CXX object pxr/usd/sdf/CMakeFiles/sdf.dir/specType.cpp.o
[2752/4282] Building CXX object pxr/usd/sdf/CMakeFiles/sdf.dir/site.cpp.o
[2753/4282] Building CXX object pxr/usd/sdf/CMakeFiles/sdf.dir/pyChildrenProxy.cpp.o
[2754/4282] Building CXX object pxr/usd/sdf/CMakeFiles/sdf.dir/spec.cpp.o
[2755/4282] Building CXX object pxr/usd/sdf/CMakeFiles/sdf.dir/propertySpec.cpp.o
[2756/4282] Building CXX object pxr/usd/sdf/CMakeFiles/sdf.dir/variantSetSpec.cpp.o
[2757/4282] Building CXX object pxr/usd/sdf/CMakeFiles/sdf.dir/pyListEditorProxy.cpp.o
[2758/4282] Building CXX object pxr/usd/sdf/CMakeFiles/sdf.dir/proxyTypes.cpp.o
[2759/4282] Building CXX object pxr/usd/sdf/CMakeFiles/sdf.dir/primSpec.cpp.o
[2760/4282] Building CXX object pxr/usd/sdf/CMakeFiles/sdf.dir/variantSpec.cpp.o
[2761/4282] Building CXX object pxr/usd/sdf/CMakeFiles/sdf.dir/relationshipSpec.cpp.o
[2762/4282] Building CXX object pxr/usd/sdf/CMakeFiles/sdf.dir/pyListProxy.cpp.o
[2763/4282] Building CXX object pxr/usd/sdf/CMakeFiles/sdf.dir/predicateExpression.cpp.o
[2764/4282] Building CXX object pxr/usd/sdf/CMakeFiles/sdf.dir/pyUtils.cpp.o
[2765/4282] Building CXX object pxr/usd/sdf/CMakeFiles/sdf.dir/pySpec.cpp.o
[2766/4282] Building CXX object pxr/usd/sdf/CMakeFiles/sdf.dir/pathExpression.cpp.o
[2767/4282] Building CXX object pxr/usd/sdf/CMakeFiles/sdf.dir/childrenUtils.cpp.o
[2768/4282] Building CXX object pxr/usd/sdf/CMakeFiles/sdf.dir/textFileFormat.cpp.o
[2769/4282] Building CXX object pxr/usd/sdf/CMakeFiles/sdf.dir/variableExpressionImpl.cpp.o
[2770/4282] Building CXX object pxr/usd/sdf/CMakeFiles/sdf.dir/layer.cpp.o
[2771/4282] Building CXX object pxr/usd/sdf/CMakeFiles/sdf.dir/parserHelpers.cpp.o
[2772/4282] Building CXX object pxr/usd/sdf/CMakeFiles/sdf.dir/listOp.cpp.o
[2773/4282] Building CXX object pxr/usd/sdf/CMakeFiles/sdf.dir/schema.cpp.o
In function ‘void pxrInternal_v0_25_5__pxrReserved__::_AddValuesToValueContext(std::deque<Sdf_ParserHelpers::Value>*, Sdf_ParserValueContext*, int)’,
    inlined from ‘void pxrInternal_v0_25_5__pxrReserved__::_AddValuesToValueContext(std::deque<Sdf_ParserHelpers::Value>*, Sdf_ParserValueContext*, int)’ at /build/source/pxr/usd/sdf/schema.cpp:1531:37,
    inlined from ‘void pxrInternal_v0_25_5__pxrReserved__::_AddValuesToValueContext(std::deque<Sdf_ParserHelpers::Value>*, Sdf_ParserValueContext*, int)’ at /build/source/pxr/usd/sdf/schema.cpp:1531:37,
    inlined from ‘pxrInternal_v0_25_5__pxrReserved__::VtValue pxrInternal_v0_25_5__pxrReserved__::_ParseValue.constprop(const std::string&, const JsValue&, std::string*)’ at /build/source/pxr/usd/sdf/schema.cpp:1576:33:
/build/source/pxr/usd/sdf/schema.cpp:1530:69: warning: array subscript 2 is above array bounds of ‘size_t [2]’ {aka ‘long unsigned int [2]’} [-Warray-bounds=]
 1530 |         for (size_t i = 0; i < context->valueTupleDimensions.d[level]; i++) {
      |                                ~~~~~~~~~~~~~~~~~~~~~~~~~~~~~~~~~~~~~^
In file included from /build/source/pxr/usd/sdf/types.h:21,
                 from /build/source/pxr/usd/sdf/schema.h:13,
                 from /build/source/pxr/usd/sdf/schema.cpp:9:
/build/source/pxr/usd/sdf/valueTypeName.h: In function ‘pxrInternal_v0_25_5__pxrReserved__::VtValue pxrInternal_v0_25_5__pxrReserved__::_ParseValue.constprop(const std::string&, const JsValue&, std::string*)’:
/build/source/pxr/usd/sdf/valueTypeName.h:45:12: note: while referencing ‘pxrInternal_v0_25_5__pxrReserved__::SdfTupleDimensions::d’
   45 |     size_t d[2];
      |            ^
[2774/4282] Building CXX object pxr/usd/sdf/CMakeFiles/sdf.dir/types.cpp.o
[2775/4282] Building CXX object pxr/usd/sdf/CMakeFiles/sdf.dir/textFileFormatParser.cpp.o
[2776/4282] Generating moduleDeps.cpp
[2777/4282] Generating moduleDeps.cpp
[2778/4282] Generating moduleDeps.cpp
[2779/4282] Building CXX object pxr/usd/pcp/CMakeFiles/pcp.dir/expressionVariablesDependencyData.cpp.o
[2780/4282] Building CXX object pxr/usd/pcp/CMakeFiles/pcp.dir/dynamicFileFormatInterface.cpp.o
[2781/4282] Building CXX object pxr/usd/pcp/CMakeFiles/pcp.dir/moduleDeps.cpp.o
[2782/4282] Building CXX object pxr/usd/pcp/CMakeFiles/pcp.dir/debugCodes.cpp.o
[2783/4282] Building CXX object pxr/usd/pcp/CMakeFiles/pcp.dir/dynamicFileFormatDependencyData.cpp.o
[2784/4282] Building CXX object pxr/usd/pcp/CMakeFiles/pcp.dir/iterator.cpp.o
[2785/4282] Building CXX object pxr/usd/pcp/CMakeFiles/pcp.dir/node_Iterator.cpp.o
[2786/4282] Building CXX object pxr/usd/pcp/CMakeFiles/pcp.dir/instanceKey.cpp.o
[2787/4282] Building CXX object pxr/usd/pcp/CMakeFiles/pcp.dir/expressionVariables.cpp.o
[2788/4282] Building CXX object pxr/usd/pcp/CMakeFiles/pcp.dir/site.cpp.o
[2789/4282] Building CXX object pxr/usd/pcp/CMakeFiles/pcp.dir/arc.cpp.o
[2790/4282] Building CXX object pxr/usd/pcp/CMakeFiles/pcp.dir/dependency.cpp.o
[2791/4282] Building CXX object pxr/usd/pcp/CMakeFiles/pcp.dir/node.cpp.o
[2792/4282] Building CXX object pxr/usd/pcp/CMakeFiles/pcp.dir/layerStackIdentifier.cpp.o
[2793/4282] Building CXX object pxr/usd/ndr/CMakeFiles/ndr.dir/moduleDeps.cpp.o
[2794/4282] Building CXX object pxr/usd/pcp/CMakeFiles/pcp.dir/primIndex_StackFrame.cpp.o
[2795/4282] Building CXX object pxr/usd/pcp/CMakeFiles/pcp.dir/expressionVariablesSource.cpp.o
[2796/4282] Building CXX object pxr/usd/pcp/CMakeFiles/pcp.dir/mapFunction.cpp.o
[2797/4282] Building CXX object pxr/usd/ndr/CMakeFiles/ndr.dir/discoveryPlugin.cpp.o
[2798/4282] Building CXX object pxr/usd/pcp/CMakeFiles/pcp.dir/dependencies.cpp.o
[2799/4282] Building CXX object pxr/usd/ndr/CMakeFiles/ndr.dir/debugCodes.cpp.o
[2800/4282] Building CXX object pxr/usd/pcp/CMakeFiles/pcp.dir/types.cpp.o
[2801/4282] Building CXX object pxr/usd/ndr/CMakeFiles/ndr.dir/filesystemDiscovery.cpp.o
[2802/4282] Building CXX object pxr/usd/pcp/CMakeFiles/pcp.dir/layerRelocatesEditBuilder.cpp.o
[2803/4282] Building CXX object pxr/usd/pcp/CMakeFiles/pcp.dir/strengthOrdering.cpp.o
[2804/4282] Building CXX object pxr/usd/pcp/CMakeFiles/pcp.dir/dependentNamespaceEditUtils.cpp.o
[2805/4282] Building CXX object pxr/usd/ndr/CMakeFiles/ndr.dir/declare.cpp.o
[2806/4282] Building CXX object pxr/imaging/glf/CMakeFiles/glf.dir/moduleDeps.cpp.o
[2807/4282] Building CXX object pxr/usd/pcp/CMakeFiles/pcp.dir/namespaceEdits.cpp.o
[2808/4282] Building CXX object pxr/usd/pcp/CMakeFiles/pcp.dir/primIndex_Graph.cpp.o
[2809/4282] Building CXX object pxr/imaging/glf/CMakeFiles/glf.dir/debugCodes.cpp.o
[2810/4282] Building CXX object pxr/usd/pcp/CMakeFiles/pcp.dir/dynamicFileFormatContext.cpp.o
[2811/4282] Building CXX object pxr/usd/pcp/CMakeFiles/pcp.dir/instancing.cpp.o
[2812/4282] Building CXX object pxr/usd/ndr/CMakeFiles/ndr.dir/filesystemDiscoveryHelpers.cpp.o
[2813/4282] Building CXX object pxr/imaging/glf/CMakeFiles/glf.dir/glRawContext.cpp.o
[2814/4282] Building CXX object pxr/usd/ndr/CMakeFiles/ndr.dir/parserPlugin.cpp.o
[2815/4282] Building CXX object pxr/imaging/glf/CMakeFiles/glf.dir/bindingMap.cpp.o
[2816/4282] Building CXX object pxr/usd/pcp/CMakeFiles/pcp.dir/propertyIndex.cpp.o
[2817/4282] Building CXX object pxr/imaging/glf/CMakeFiles/glf.dir/glContextRegistry.cpp.o
[2818/4282] Building CXX object pxr/imaging/glf/CMakeFiles/glf.dir/testGLContext.cpp.o
[2819/4282] Building CXX object pxr/imaging/glf/CMakeFiles/glf.dir/info.cpp.o
[2820/4282] Building CXX object pxr/imaging/glf/CMakeFiles/glf.dir/utils.cpp.o
[2821/4282] Building CXX object pxr/usd/ndr/CMakeFiles/ndr.dir/node.cpp.o
[2822/4282] Building CXX object pxr/usd/pcp/CMakeFiles/pcp.dir/utils.cpp.o
[2823/4282] Building CXX object pxr/usd/ndr/CMakeFiles/ndr.dir/property.cpp.o
[2824/4282] Building CXX object pxr/imaging/glf/CMakeFiles/glf.dir/simpleMaterial.cpp.o
[2825/4282] Building CXX object pxr/imaging/glf/CMakeFiles/glf.dir/contextCaps.cpp.o
[2826/4282] Building CXX object pxr/imaging/glf/CMakeFiles/glf.dir/uniformBlock.cpp.o
[2827/4282] Building CXX object pxr/imaging/glf/CMakeFiles/glf.dir/diagnostic.cpp.o
[2828/4282] Building CXX object pxr/imaging/glf/CMakeFiles/glf.dir/texture.cpp.o
[2829/4282] Building CXX object pxr/usd/pcp/CMakeFiles/pcp.dir/layerStackRegistry.cpp.o
[2830/4282] Building CXX object pxr/usd/pcp/CMakeFiles/pcp.dir/diagnostic.cpp.o
[2831/4282] Building CXX object pxr/usd/pcp/CMakeFiles/pcp.dir/pathTranslation.cpp.o
[2832/4282] Building CXX object pxr/usd/pcp/CMakeFiles/pcp.dir/statistics.cpp.o
[2833/4282] Building CXX object pxr/usd/ndr/CMakeFiles/ndr.dir/sdfTypeIndicator.cpp.o
[2834/4282] Building CXX object pxr/usd/pcp/CMakeFiles/pcp.dir/mapExpression.cpp.o
[2835/4282] Building CXX object pxr/usd/pcp/CMakeFiles/pcp.dir/errors.cpp.o
[2836/4282] Building CXX object pxr/usd/pcp/CMakeFiles/pcp.dir/targetIndex.cpp.o
[2837/4282] Building CXX object pxr/imaging/glf/CMakeFiles/glf.dir/simpleLight.cpp.o
[2838/4282] Building CXX object pxr/usd/pcp/CMakeFiles/pcp.dir/changes.cpp.o
[2839/4282] Building CXX object pxr/usd/pcp/CMakeFiles/pcp.dir/pyUtils.cpp.o
[2840/4282] Building CXX object pxr/imaging/glf/CMakeFiles/glf.dir/glContext.cpp.o
[2841/4282] Building CXX object pxr/usd/pcp/CMakeFiles/pcp.dir/cache.cpp.o
[2842/4282] Building CXX object pxr/imaging/glf/CMakeFiles/glf.dir/drawTarget.cpp.o
[2843/4282] Building CXX object pxr/imaging/glf/CMakeFiles/glf.dir/simpleShadowArray.cpp.o
[2844/4282] Building CXX object pxr/usd/pcp/CMakeFiles/pcp.dir/composeSite.cpp.o
[2845/4282] Building CXX object pxr/imaging/glf/CMakeFiles/glf.dir/simpleLightingContext.cpp.o
[2846/4282] Building CXX object pxr/usd/pcp/CMakeFiles/pcp.dir/layerStack.cpp.o
[2847/4282] Building CXX object pxr/usd/pcp/CMakeFiles/pcp.dir/primIndex.cpp.o
[2848/4282] Generating moduleDeps.cpp
[2849/4282] Building CXX object pxr/usd/ndr/CMakeFiles/ndr.dir/registry.cpp.o
[2850/4282] Building CXX object pxr/usd/usd/CMakeFiles/usd.dir/errors.cpp.o
[2851/4282] Building CXX object pxr/usd/usd/CMakeFiles/usd.dir/moduleDeps.cpp.o
[2852/4282] Building CXX object pxr/usd/usd/CMakeFiles/usd.dir/common.cpp.o
[2853/4282] Building CXX object pxr/usd/usd/CMakeFiles/usd.dir/interpolation.cpp.o
[2854/4282] Building CXX object pxr/usd/usd/CMakeFiles/usd.dir/debugCodes.cpp.o
[2855/4282] Building CXX object pxr/usd/usd/CMakeFiles/usd.dir/integerCoding.cpp.o
[2856/4282] Building CXX object pxr/usd/usd/CMakeFiles/usd.dir/crateInfo.cpp.o
[2857/4282] Building CXX object pxr/usd/usd/CMakeFiles/usd.dir/primTypeInfoCache.cpp.o
[2858/4282] Building CXX object pxr/usd/usd/CMakeFiles/usd.dir/editTarget.cpp.o
[2859/4282] Building CXX object pxr/usd/usd/CMakeFiles/usd.dir/editContext.cpp.o
[2860/4282] Building CXX object pxr/usd/usd/CMakeFiles/usd.dir/valueUtils.cpp.o
[2861/4282] Building CXX object pxr/usd/usd/CMakeFiles/usd.dir/primDataHandle.cpp.o
[2862/4282] Building CXX object pxr/usd/usd/CMakeFiles/usd.dir/primCompositionQuery.cpp.o
[2863/4282] Building CXX object pxr/usd/usd/CMakeFiles/usd.dir/usdzResolver.cpp.o
[2864/4282] Building CXX object pxr/usd/usd/CMakeFiles/usd.dir/notice.cpp.o
[2865/4282] Building CXX object pxr/usd/usd/CMakeFiles/usd.dir/payloads.cpp.o
[2866/4282] Building CXX object pxr/usd/usd/CMakeFiles/usd.dir/object.cpp.o
[2867/4282] Building CXX object pxr/usd/usd/CMakeFiles/usd.dir/primData.cpp.o
[2868/4282] Building CXX object pxr/usd/usd/CMakeFiles/usd.dir/instanceKey.cpp.o
[2869/4282] Building CXX object pxr/usd/usd/CMakeFiles/usd.dir/primTypeInfo.cpp.o
[2870/4282] Building CXX object pxr/usd/usd/CMakeFiles/usd.dir/primFlags.cpp.o
[2871/4282] Building CXX object pxr/usd/usd/CMakeFiles/usd.dir/inherits.cpp.o
[2872/4282] Building CXX object pxr/usd/usd/CMakeFiles/usd.dir/attributeQuery.cpp.o
[2873/4282] Building CXX object pxr/usd/usd/CMakeFiles/usd.dir/primRange.cpp.o
[2874/4282] Building CXX object pxr/usd/usd/CMakeFiles/usd.dir/clipSet.cpp.o
[2875/4282] Building CXX object pxr/usd/usd/CMakeFiles/usd.dir/clipCache.cpp.o
[2876/4282] Building CXX object pxr/usd/usd/CMakeFiles/usd.dir/attribute.cpp.o
[2877/4282] Building CXX object pxr/usd/usd/CMakeFiles/usd.dir/collectionPredicateLibrary.cpp.o
[2878/4282] Building CXX object pxr/usd/usd/CMakeFiles/usd.dir/clipSetDefinition.cpp.o
[2879/4282] Building CXX object pxr/usd/usd/CMakeFiles/usd.dir/collectionMembershipQuery.cpp.o
[2880/4282] Building CXX object pxr/usd/usd/CMakeFiles/usd.dir/timeCode.cpp.o
[2881/4282] Building CXX object pxr/usd/usd/CMakeFiles/usd.dir/crateData.cpp.o
[2882/4282] Building CXX object pxr/usd/usd/CMakeFiles/usd.dir/instanceCache.cpp.o
[2883/4282] Building CXX object pxr/usd/usd/CMakeFiles/usd.dir/resolveTarget.cpp.o
[2884/4282] Building CXX object pxr/usd/usd/CMakeFiles/usd.dir/stageCacheContext.cpp.o
[2885/4282] Building CXX object pxr/usd/usd/CMakeFiles/usd.dir/stagePopulationMask.cpp.o
[2886/4282] Building CXX object pxr/usd/usd/CMakeFiles/usd.dir/resolveInfo.cpp.o
[2887/4282] Building CXX object pxr/usd/usd/CMakeFiles/usd.dir/namespaceEditor.cpp.o
[2888/4282] Building CXX object pxr/usd/usd/CMakeFiles/usd.dir/primDefinition.cpp.o
/build/source/pxr/usd/usd/primDefinition.cpp: In member function ‘pxrInternal_v0_25_5__pxrReserved__::SdfPropertySpecHandle pxrInternal_v0_25_5__pxrReserved__::UsdPrimDefinition::_FindOrCreatePropertySpecForComposition(const pxrInternal_v0_25_5__pxrReserved__::TfToken&, const _LayerAndPath&)’:
/build/source/pxr/usd/usd/primDefinition.cpp:384:50: warning: suggest parentheses around assignment used as truth value [-Wparentheses]
  384 |                 primPath.AppendProperty(propName))) {
      |                                                  ^
[2889/4282] Generating moduleDeps.cpp
[2890/4282] Building CXX object pxr/usd/usd/CMakeFiles/usd.dir/property.cpp.o
[2891/4282] Building CXX object pxr/usd/usd/CMakeFiles/usd.dir/resolver.cpp.o
[2892/4282] Building CXX object pxr/usd/usd/CMakeFiles/usd.dir/stageLoadRules.cpp.o
[2893/4282] Building CXX object pxr/usd/usd/CMakeFiles/usd.dir/schemaBase.cpp.o
[2894/4282] Building CXX object pxr/usd/usd/CMakeFiles/usd.dir/tokens.cpp.o
[2895/4282] Building CXX object pxr/usd/usd/CMakeFiles/usd.dir/zipFile.cpp.o
[2896/4282] Building CXX object pxr/usd/sdr/CMakeFiles/sdr.dir/moduleDeps.cpp.o
[2897/4282] Building CXX object pxr/usd/sdr/CMakeFiles/sdr.dir/debugCodes.cpp.o
[2898/4282] Building CXX object pxr/usd/sdr/CMakeFiles/sdr.dir/discoveryPlugin.cpp.o
[2899/4282] Building CXX object pxr/usd/usd/CMakeFiles/usd.dir/references.cpp.o
[2900/4282] Building CXX object pxr/usd/sdr/CMakeFiles/sdr.dir/filesystemDiscovery.cpp.o
[2901/4282] Building CXX object pxr/usd/usd/CMakeFiles/usd.dir/usdcFileFormat.cpp.o
[2902/4282] Building CXX object pxr/usd/usd/CMakeFiles/usd.dir/prim.cpp.o
[2903/4282] Building CXX object pxr/usd/usd/CMakeFiles/usd.dir/usdaFileFormat.cpp.o
[2904/4282] Building CXX object pxr/usd/usd/CMakeFiles/usd.dir/usdFileFormat.cpp.o
[2905/4282] Building CXX object pxr/usd/usd/CMakeFiles/usd.dir/relationship.cpp.o
[2906/4282] Building CXX object pxr/usd/usd/CMakeFiles/usd.dir/usdzFileFormat.cpp.o
[2907/4282] Building CXX object pxr/usd/sdr/CMakeFiles/sdr.dir/declare.cpp.o
[2908/4282] Building CXX object pxr/usd/usd/CMakeFiles/usd.dir/pyEditContext.cpp.o
[2909/4282] Building CXX object pxr/usd/usd/CMakeFiles/usd.dir/specializes.cpp.o
[2910/4282] Building CXX object pxr/usd/sdr/CMakeFiles/sdr.dir/parserPlugin.cpp.o
[2911/4282] Building CXX object pxr/usd/sdr/CMakeFiles/sdr.dir/shaderMetadataHelpers.cpp.o
[2912/4282] Building CXX object pxr/usd/sdr/CMakeFiles/sdr.dir/filesystemDiscoveryHelpers.cpp.o
[2913/4282] Building CXX object pxr/usd/usd/CMakeFiles/usd.dir/clip.cpp.o
In file included from /nix/store/3wkpp7mjlh4qxij92iz99r43aifzgajd-gcc-15.2.0/include/c++/15.2.0/bits/stl_algobase.h:71,
                 from /nix/store/3wkpp7mjlh4qxij92iz99r43aifzgajd-gcc-15.2.0/include/c++/15.2.0/bits/specfun.h:43,
                 from /nix/store/3wkpp7mjlh4qxij92iz99r43aifzgajd-gcc-15.2.0/include/c++/15.2.0/cmath:3913,
                 from /build/source/pxr/base/arch/math.h:22,
                 from /build/source/pxr/base/tf/tf.h:18,
                 from /build/source/pxr/base/tf/hash.h:14,
                 from /build/source/pxr/base/tf/refPtr.h:413,
                 from /build/source/pxr/base/tf/weakPtr.h:17,
                 from /build/source/pxr/base/tf/declarePtrs.h:16,
                 from /build/source/pxr/usd/usd/common.h:14,
                 from /build/source/pxr/usd/usd/clip.cpp:8:
In member function ‘constexpr bool __gnu_cxx::__ops::_Iter_less_iter::operator()(_Iterator1, _Iterator2) const [with _Iterator1 = double*; _Iterator2 = double*]’,
    inlined from ‘void std::__move_median_to_first(_Iterator, _Iterator, _Iterator, _Iterator, _Compare) [with _Iterator = double*; _Compare = __gnu_cxx::__ops::_Iter_less_iter]’ at /nix/store/3wkpp7mjlh4qxij92iz99r43aifzgajd-gcc-15.2.0/include/c++/15.2.0/bits/stl_algo.h:91:17,
    inlined from ‘_RandomAccessIterator std::__unguarded_partition_pivot(_RandomAccessIterator, _RandomAccessIterator, _Compare) [with _RandomAccessIterator = double*; _Compare = __gnu_cxx::__ops::_Iter_less_iter]’ at /nix/store/3wkpp7mjlh4qxij92iz99r43aifzgajd-gcc-15.2.0/include/c++/15.2.0/bits/stl_algo.h:1856:34,
    inlined from ‘void std::__introsort_loop(_RandomAccessIterator, _RandomAccessIterator, _Size, _Compare) [with _RandomAccessIterator = double*; _Size = long int; _Compare = __gnu_cxx::__ops::_Iter_less_iter]’ at /nix/store/3wkpp7mjlh4qxij92iz99r43aifzgajd-gcc-15.2.0/include/c++/15.2.0/bits/stl_algo.h:1890:38,
    inlined from ‘void std::__sort(_RandomAccessIterator, _RandomAccessIterator, _Compare) [with _RandomAccessIterator = double*; _Compare = __gnu_cxx::__ops::_Iter_less_iter]’ at /nix/store/3wkpp7mjlh4qxij92iz99r43aifzgajd-gcc-15.2.0/include/c++/15.2.0/bits/stl_algo.h:1906:25,
    inlined from ‘void std::sort(_RAIter, _RAIter) [with _RAIter = double*]’ at /nix/store/3wkpp7mjlh4qxij92iz99r43aifzgajd-gcc-15.2.0/include/c++/15.2.0/bits/stl_algo.h:4841:18,
    inlined from ‘bool pxrInternal_v0_25_5__pxrReserved__::Usd_Clip::GetBracketingTimeSamplesForPath(const pxrInternal_v0_25_5__pxrReserved__::SdfPath&, ExternalTime, ExternalTime*, ExternalTime*) const’ at /build/source/pxr/usd/usd/clip.cpp:430:14:
/nix/store/3wkpp7mjlh4qxij92iz99r43aifzgajd-gcc-15.2.0/include/c++/15.2.0/bits/predefined_ops.h:45:23: warning: array subscript [8, 576460752303423487] is outside array bounds of ‘std::array<double, 5> [1]’ [-Warray-bounds=]
   45 |       { return *__it1 < *__it2; }
      |                ~~~~~~~^~~~~~~~
/build/source/pxr/usd/usd/clip.cpp: In member function ‘bool pxrInternal_v0_25_5__pxrReserved__::Usd_Clip::GetBracketingTimeSamplesForPath(const pxrInternal_v0_25_5__pxrReserved__::SdfPath&, ExternalTime, ExternalTime*, ExternalTime*) const’:
/build/source/pxr/usd/usd/clip.cpp:388:43: note: at offset [64, 4611686018427387896] into object ‘bracketingTimes’ of size 40
  388 |     std::array<Usd_Clip::ExternalTime, 5> bracketingTimes = { 0.0 };
      |                                           ^~~~~~~~~~~~~~~
In file included from /nix/store/3wkpp7mjlh4qxij92iz99r43aifzgajd-gcc-15.2.0/include/c++/15.2.0/bits/stl_pair.h:61,
                 from /nix/store/3wkpp7mjlh4qxij92iz99r43aifzgajd-gcc-15.2.0/include/c++/15.2.0/bits/stl_algobase.h:64:
In function ‘std::_Require<std::__not_<std::__is_tuple_like<_Tp> >, std::is_move_constructible<_Tp>, std::is_move_assignable<_Tp> > std::swap(_Tp&, _Tp&) [with _Tp = double]’,
    inlined from ‘void std::iter_swap(_ForwardIterator1, _ForwardIterator2) [with _ForwardIterator1 = double*; _ForwardIterator2 = double*]’ at /nix/store/3wkpp7mjlh4qxij92iz99r43aifzgajd-gcc-15.2.0/include/c++/15.2.0/bits/stl_algobase.h:186:11,
    inlined from ‘void std::__move_median_to_first(_Iterator, _Iterator, _Iterator, _Iterator, _Compare) [with _Iterator = double*; _Compare = __gnu_cxx::__ops::_Iter_less_iter]’ at /nix/store/3wkpp7mjlh4qxij92iz99r43aifzgajd-gcc-15.2.0/include/c++/15.2.0/bits/stl_algo.h:105:16,
    inlined from ‘_RandomAccessIterator std::__unguarded_partition_pivot(_RandomAccessIterator, _RandomAccessIterator, _Compare) [with _RandomAccessIterator = double*; _Compare = __gnu_cxx::__ops::_Iter_less_iter]’ at /nix/store/3wkpp7mjlh4qxij92iz99r43aifzgajd-gcc-15.2.0/include/c++/15.2.0/bits/stl_algo.h:1856:34,
    inlined from ‘void std::__introsort_loop(_RandomAccessIterator, _RandomAccessIterator, _Size, _Compare) [with _RandomAccessIterator = double*; _Size = long int; _Compare = __gnu_cxx::__ops::_Iter_less_iter]’ at /nix/store/3wkpp7mjlh4qxij92iz99r43aifzgajd-gcc-15.2.0/include/c++/15.2.0/bits/stl_algo.h:1890:38,
    inlined from ‘void std::__sort(_RandomAccessIterator, _RandomAccessIterator, _Compare) [with _RandomAccessIterator = double*; _Compare = __gnu_cxx::__ops::_Iter_less_iter]’ at /nix/store/3wkpp7mjlh4qxij92iz99r43aifzgajd-gcc-15.2.0/include/c++/15.2.0/bits/stl_algo.h:1906:25,
    inlined from ‘void std::sort(_RAIter, _RAIter) [with _RAIter = double*]’ at /nix/store/3wkpp7mjlh4qxij92iz99r43aifzgajd-gcc-15.2.0/include/c++/15.2.0/bits/stl_algo.h:4841:18,
    inlined from ‘bool pxrInternal_v0_25_5__pxrReserved__::Usd_Clip::GetBracketingTimeSamplesForPath(const pxrInternal_v0_25_5__pxrReserved__::SdfPath&, ExternalTime, ExternalTime*, ExternalTime*) const’ at /build/source/pxr/usd/usd/clip.cpp:430:14:
/nix/store/3wkpp7mjlh4qxij92iz99r43aifzgajd-gcc-15.2.0/include/c++/15.2.0/bits/move.h:237:11: warning: array subscript [8, 576460752303423487] is outside array bounds of ‘std::array<double, 5> [1]’ [-Warray-bounds=]
  237 |       __b = _GLIBCXX_MOVE(__tmp);
      |           ^
/build/source/pxr/usd/usd/clip.cpp: In member function ‘bool pxrInternal_v0_25_5__pxrReserved__::Usd_Clip::GetBracketingTimeSamplesForPath(const pxrInternal_v0_25_5__pxrReserved__::SdfPath&, ExternalTime, ExternalTime*, ExternalTime*) const’:
/build/source/pxr/usd/usd/clip.cpp:388:43: note: at offset [64, 4611686018427387896] into object ‘bracketingTimes’ of size 40
  388 |     std::array<Usd_Clip::ExternalTime, 5> bracketingTimes = { 0.0 };
      |                                           ^~~~~~~~~~~~~~~
In function ‘std::_Require<std::__not_<std::__is_tuple_like<_Tp> >, std::is_move_constructible<_Tp>, std::is_move_assignable<_Tp> > std::swap(_Tp&, _Tp&) [with _Tp = double]’,
    inlined from ‘void std::iter_swap(_ForwardIterator1, _ForwardIterator2) [with _ForwardIterator1 = double*; _ForwardIterator2 = double*]’ at /nix/store/3wkpp7mjlh4qxij92iz99r43aifzgajd-gcc-15.2.0/include/c++/15.2.0/bits/stl_algobase.h:186:11,
    inlined from ‘void std::__move_median_to_first(_Iterator, _Iterator, _Iterator, _Iterator, _Compare) [with _Iterator = double*; _Compare = __gnu_cxx::__ops::_Iter_less_iter]’ at /nix/store/3wkpp7mjlh4qxij92iz99r43aifzgajd-gcc-15.2.0/include/c++/15.2.0/bits/stl_algo.h:94:20,
    inlined from ‘_RandomAccessIterator std::__unguarded_partition_pivot(_RandomAccessIterator, _RandomAccessIterator, _Compare) [with _RandomAccessIterator = double*; _Compare = __gnu_cxx::__ops::_Iter_less_iter]’ at /nix/store/3wkpp7mjlh4qxij92iz99r43aifzgajd-gcc-15.2.0/include/c++/15.2.0/bits/stl_algo.h:1856:34,
    inlined from ‘void std::__introsort_loop(_RandomAccessIterator, _RandomAccessIterator, _Size, _Compare) [with _RandomAccessIterator = double*; _Size = long int; _Compare = __gnu_cxx::__ops::_Iter_less_iter]’ at /nix/store/3wkpp7mjlh4qxij92iz99r43aifzgajd-gcc-15.2.0/include/c++/15.2.0/bits/stl_algo.h:1890:38,
    inlined from ‘void std::__sort(_RandomAccessIterator, _RandomAccessIterator, _Compare) [with _RandomAccessIterator = double*; _Compare = __gnu_cxx::__ops::_Iter_less_iter]’ at /nix/store/3wkpp7mjlh4qxij92iz99r43aifzgajd-gcc-15.2.0/include/c++/15.2.0/bits/stl_algo.h:1906:25,
    inlined from ‘void std::sort(_RAIter, _RAIter) [with _RAIter = double*]’ at /nix/store/3wkpp7mjlh4qxij92iz99r43aifzgajd-gcc-15.2.0/include/c++/15.2.0/bits/stl_algo.h:4841:18,
    inlined from ‘bool pxrInternal_v0_25_5__pxrReserved__::Usd_Clip::GetBracketingTimeSamplesForPath(const pxrInternal_v0_25_5__pxrReserved__::SdfPath&, ExternalTime, ExternalTime*, ExternalTime*) const’ at /build/source/pxr/usd/usd/clip.cpp:430:14:
/nix/store/3wkpp7mjlh4qxij92iz99r43aifzgajd-gcc-15.2.0/include/c++/15.2.0/bits/move.h:237:11: warning: array subscript [8, 576460752303423487] is outside array bounds of ‘std::array<double, 5> [1]’ [-Warray-bounds=]
  237 |       __b = _GLIBCXX_MOVE(__tmp);
      |           ^
/build/source/pxr/usd/usd/clip.cpp: In member function ‘bool pxrInternal_v0_25_5__pxrReserved__::Usd_Clip::GetBracketingTimeSamplesForPath(const pxrInternal_v0_25_5__pxrReserved__::SdfPath&, ExternalTime, ExternalTime*, ExternalTime*) const’:
/build/source/pxr/usd/usd/clip.cpp:388:43: note: at offset [64, 4611686018427387896] into object ‘bracketingTimes’ of size 40
  388 |     std::array<Usd_Clip::ExternalTime, 5> bracketingTimes = { 0.0 };
      |                                           ^~~~~~~~~~~~~~~
In file included from /nix/store/3wkpp7mjlh4qxij92iz99r43aifzgajd-gcc-15.2.0/include/c++/15.2.0/algorithm:63,
                 from /build/source/pxr/usd/sdf/timeCode.h:15,
                 from /build/source/pxr/usd/usd/timeCode.h:12,
                 from /build/source/pxr/usd/usd/common.h:19:
In function ‘void std::__final_insertion_sort(_RandomAccessIterator, _RandomAccessIterator, _Compare) [with _RandomAccessIterator = double*; _Compare = __gnu_cxx::__ops::_Iter_less_iter]’,
    inlined from ‘void std::__final_insertion_sort(_RandomAccessIterator, _RandomAccessIterator, _Compare) [with _RandomAccessIterator = double*; _Compare = __gnu_cxx::__ops::_Iter_less_iter]’ at /nix/store/3wkpp7mjlh4qxij92iz99r43aifzgajd-gcc-15.2.0/include/c++/15.2.0/bits/stl_algo.h:1813:5,
    inlined from ‘void std::__sort(_RandomAccessIterator, _RandomAccessIterator, _Compare) [with _RandomAccessIterator = double*; _Compare = __gnu_cxx::__ops::_Iter_less_iter]’ at /nix/store/3wkpp7mjlh4qxij92iz99r43aifzgajd-gcc-15.2.0/include/c++/15.2.0/bits/stl_algo.h:1909:31,
    inlined from ‘void std::sort(_RAIter, _RAIter) [with _RAIter = double*]’ at /nix/store/3wkpp7mjlh4qxij92iz99r43aifzgajd-gcc-15.2.0/include/c++/15.2.0/bits/stl_algo.h:4841:18,
    inlined from ‘bool pxrInternal_v0_25_5__pxrReserved__::Usd_Clip::GetBracketingTimeSamplesForPath(const pxrInternal_v0_25_5__pxrReserved__::SdfPath&, ExternalTime, ExternalTime*, ExternalTime*) const’ at /build/source/pxr/usd/usd/clip.cpp:430:14:
/nix/store/3wkpp7mjlh4qxij92iz99r43aifzgajd-gcc-15.2.0/include/c++/15.2.0/bits/stl_algo.h:1818:32: warning: array subscript 16 is outside array bounds of ‘std::array<double, 5> [1]’ [-Warray-bounds=]
 1818 |           std::__insertion_sort(__first, __first + int(_S_threshold), __comp);
      |           ~~~~~~~~~~~~~~~~~~~~~^~~~~~~~~~~~~~~~~~~~~~~~~~~~~~~~~~~~~~~~~~~~~~
/build/source/pxr/usd/usd/clip.cpp: In member function ‘bool pxrInternal_v0_25_5__pxrReserved__::Usd_Clip::GetBracketingTimeSamplesForPath(const pxrInternal_v0_25_5__pxrReserved__::SdfPath&, ExternalTime, ExternalTime*, ExternalTime*) const’:
/build/source/pxr/usd/usd/clip.cpp:388:43: note: at offset 128 into object ‘bracketingTimes’ of size 40
  388 |     std::array<Usd_Clip::ExternalTime, 5> bracketingTimes = { 0.0 };
      |                                           ^~~~~~~~~~~~~~~
[2914/4282] Building CXX object pxr/usd/usd/CMakeFiles/usd.dir/pyConversions.cpp.o
[2915/4282] Building CXX object pxr/usd/usd/CMakeFiles/usd.dir/flattenUtils.cpp.o
[2916/4282] Building CXX object pxr/usd/usd/CMakeFiles/usd.dir/stageCache.cpp.o
[2917/4282] Building CXX object pxr/imaging/hd/CMakeFiles/hd.dir/bufferSource.cpp.o
[2918/4282] Building CXX object pxr/usd/usd/CMakeFiles/usd.dir/typed.cpp.o
[2919/4282] Building CXX object pxr/imaging/hd/CMakeFiles/hd.dir/bufferArray.cpp.o
[2920/4282] Building CXX object pxr/usd/usd/CMakeFiles/usd.dir/apiSchemaBase.cpp.o
[2921/4282] Building CXX object pxr/usd/sdr/CMakeFiles/sdr.dir/registry.cpp.o
[2922/4282] Building CXX object pxr/imaging/hd/CMakeFiles/hd.dir/bprim.cpp.o
[2923/4282] Building CXX object pxr/usd/sdr/CMakeFiles/sdr.dir/shaderNode.cpp.o
[2924/4282] Building CXX object pxr/usd/usd/CMakeFiles/usd.dir/variantSets.cpp.o
[2925/4282] Building CXX object pxr/imaging/hd/CMakeFiles/hd.dir/command.cpp.o
[2926/4282] Building CXX object pxr/imaging/hd/CMakeFiles/hd.dir/basisCurvesTopologySchema.cpp.o
[2927/4282] Building CXX object pxr/imaging/hd/CMakeFiles/hd.dir/basisCurvesTopology.cpp.o
[2928/4282] Building CXX object pxr/usd/usd/CMakeFiles/usd.dir/clipsAPI.cpp.o
[2929/4282] Building CXX object pxr/usd/usd/CMakeFiles/usd.dir/modelAPI.cpp.o
[2930/4282] Building CXX object pxr/usd/usd/CMakeFiles/usd.dir/schemaRegistry.cpp.o
[2931/4282] Building CXX object pxr/imaging/hd/CMakeFiles/hd.dir/bufferSpec.cpp.o
[2932/4282] Building CXX object pxr/imaging/hd/CMakeFiles/hd.dir/basisCurvesSchema.cpp.o
[2933/4282] Building CXX object pxr/imaging/hd/CMakeFiles/hd.dir/aov.cpp.o
[2934/4282] Building CXX object pxr/imaging/hd/CMakeFiles/hd.dir/bufferArrayRange.cpp.o
[2935/4282] Building CXX object pxr/imaging/hd/CMakeFiles/hd.dir/basisCurves.cpp.o
[2936/4282] Building CXX object pxr/usd/usd/CMakeFiles/usd.dir/collectionAPI.cpp.o
[2937/4282] Building CXX object pxr/usd/usd/CMakeFiles/usd.dir/colorSpaceAPI.cpp.o
[2938/4282] Building CXX object pxr/imaging/hd/CMakeFiles/hd.dir/categoriesSchema.cpp.o
[2939/4282] Building CXX object pxr/imaging/hd/CMakeFiles/hd.dir/collectionsSchema.cpp.o
[2940/4282] Building CXX object pxr/imaging/hd/CMakeFiles/hd.dir/containerSchema.cpp.o
[2941/4282] Building CXX object pxr/imaging/hd/CMakeFiles/hd.dir/collectionSchema.cpp.o
[2942/4282] Building CXX object pxr/usd/usd/CMakeFiles/usd.dir/colorSpaceDefinitionAPI.cpp.o
[2943/4282] Building CXX object pxr/imaging/hd/CMakeFiles/hd.dir/coneSchema.cpp.o
[2944/4282] Building CXX object pxr/imaging/hd/CMakeFiles/hd.dir/collectionExpressionEvaluator.cpp.o
[2945/4282] Building CXX object pxr/imaging/hd/CMakeFiles/hd.dir/coordSysSchema.cpp.o
[2946/4282] Building CXX object pxr/imaging/hd/CMakeFiles/hd.dir/containerDataSourceEditor.cpp.o
[2947/4282] Building CXX object pxr/imaging/hd/CMakeFiles/hd.dir/coordSysBindingSchema.cpp.o
[2948/4282] Building CXX object pxr/imaging/hd/CMakeFiles/hd.dir/enums.cpp.o
[2949/4282] Building CXX object pxr/imaging/hd/CMakeFiles/hd.dir/drawingCoord.cpp.o
[2950/4282] Building CXX object pxr/imaging/hd/CMakeFiles/hd.dir/debugCodes.cpp.o
[2951/4282] Building CXX object pxr/usd/usd/CMakeFiles/usd.dir/interpolators.cpp.o
[2952/4282] Building CXX object pxr/imaging/hd/CMakeFiles/hd.dir/extComputationCpuCallback.cpp.o
[2953/4282] Building CXX object pxr/imaging/hd/CMakeFiles/hd.dir/capsuleSchema.cpp.o
[2954/4282] Building CXX object pxr/imaging/hd/CMakeFiles/hd.dir/dataSourceHash.cpp.o
[2955/4282] Building CXX object pxr/imaging/hd/CMakeFiles/hd.dir/cameraSchema.cpp.o
[2956/4282] Building CXX object pxr/imaging/hd/CMakeFiles/hd.dir/dataSource.cpp.o
[2957/4282] Building CXX object pxr/imaging/hd/CMakeFiles/hd.dir/cubeSchema.cpp.o
[2958/4282] Building CXX object pxr/imaging/hd/CMakeFiles/hd.dir/extComputationContext.cpp.o
[2959/4282] Building CXX object pxr/imaging/hd/CMakeFiles/hd.dir/extComputationContextInternal.cpp.o
[2960/4282] Building CXX object pxr/imaging/hd/CMakeFiles/hd.dir/camera.cpp.o
[2961/4282] Building CXX object pxr/imaging/hd/CMakeFiles/hd.dir/cylinderSchema.cpp.o
[2962/4282] Building CXX object pxr/imaging/hd/CMakeFiles/hd.dir/dependenciesSchema.cpp.o
[2963/4282] Building CXX object pxr/usd/sdr/CMakeFiles/sdr.dir/shaderProperty.cpp.o
[2964/4282] Building CXX object pxr/imaging/hd/CMakeFiles/hd.dir/dependencySchema.cpp.o
[2965/4282] Building CXX object pxr/imaging/hd/CMakeFiles/hd.dir/coordSys.cpp.o
[2966/4282] Building CXX object pxr/imaging/hd/CMakeFiles/hd.dir/dataSourceLocator.cpp.o
[2967/4282] Building CXX object pxr/imaging/hd/CMakeFiles/hd.dir/changeTracker.cpp.o
[2968/4282] Building CXX object pxr/usd/usd/CMakeFiles/usd.dir/crateFile.cpp.o
FAILED: [code=1] pxr/usd/usd/CMakeFiles/usd.dir/crateFile.cpp.o 
/nix/store/29qjlshvklnyr67nhpprzgb9igmsfsjj-gcc-wrapper-15.2.0/bin/g++ -DARCH_EXPORTS=1 -DAR_EXPORTS=1 -DBOOST_EXPORTS=1 -DBOOST_NO_CXX98_FUNCTION_BASE -DCAMERAUTIL_EXPORTS=1 -DGARCH_EXPORTS=1 -DGEOMUTIL_EXPORTS=1 -DGF_EXPORTS=1 -DGLF_EXPORTS=1 -DGLX_GLXEXT_PROTOTYPES -DGL_GLEXT_PROTOTYPES -DHDAR_EXPORTS=1 -DHDEMBREE_EXPORTS=1 -DHDGP_EXPORTS=1 -DHDMTLX_EXPORTS=1 -DHDSI_EXPORTS=1 -DHDSTORM_EXPORTS=1 -DHDST_EXPORTS=1 -DHDX_EXPORTS=1 -DHD_EXPORTS=1 -DHF_EXPORTS=1 -DHGIGL_EXPORTS=1 -DHGIINTEROP_EXPORTS=1 -DHGI_EXPORTS=1 -DHIOAVIF_EXPORTS=1 -DHIO_EXPORTS=1 -DJS_EXPORTS=1 -DKIND_EXPORTS=1 -DMFB_ALT_PACKAGE_NAME=usd -DMFB_PACKAGE_MODULE=Usd -DMFB_PACKAGE_NAME=usd -DNDR_EXPORTS=1 -DPCP_EXPORTS=1 -DPEGTL_EXPORTS=1 -DPLUG_EXPORTS=1 -DPXOSD_EXPORTS=1 -DPXR_BOOST_PYTHON_NO_PY_SIGNATURES -DPXR_BUILD_LOCATION=usd -DPXR_GL_SUPPORT_ENABLED -DPXR_MATERIALX_SUPPORT_ENABLED -DPXR_OSL_SUPPORT_ENABLED -DPXR_PLUGIN_BUILD_LOCATION=../plugin/usd -DPXR_X11_SUPPORT_ENABLED -DPYTHON_EXPORTS=1 -DSDF_EXPORTS=1 -DSDRGLSLFX_EXPORTS=1 -DSDROSL_EXPORTS=1 -DSDR_EXPORTS=1 -DTF_EXPORTS=1 -DTRACE_EXPORTS=1 -DTS_EXPORTS=1 -DUSDABC_EXPORTS=1 -DUSDAPPUTILS_EXPORTS=1 -DUSDBAKEMTLX_EXPORTS=1 -DUSDDRACO_EXPORTS=1 -DUSDGEOMVALIDATORS_EXPORTS=1 -DUSDGEOM_EXPORTS=1 -DUSDHYDRA_EXPORTS=1 -DUSDIMAGINGGL_EXPORTS=1 -DUSDIMAGING_EXPORTS=1 -DUSDLUX_EXPORTS=1 -DUSDMEDIA_EXPORTS=1 -DUSDMTLX_EXPORTS=1 -DUSDPHYSICSVALIDATORS_EXPORTS=1 -DUSDPHYSICS_EXPORTS=1 -DUSDPROCIMAGING_EXPORTS=1 -DUSDPROC_EXPORTS=1 -DUSDRENDER_EXPORTS=1 -DUSDRIPXRIMAGING_EXPORTS=1 -DUSDRI_EXPORTS=1 -DUSDSEMANTICS_EXPORTS=1 -DUSDSHADERS_EXPORTS=1 -DUSDSHADEVALIDATORS_EXPORTS=1 -DUSDSHADE_EXPORTS=1 -DUSDSKELIMAGING_EXPORTS=1 -DUSDSKELVALIDATORS_EXPORTS=1 -DUSDSKEL_EXPORTS=1 -DUSDUI_EXPORTS=1 -DUSDUTILSVALIDATORS_EXPORTS=1 -DUSDUTILS_EXPORTS=1 -DUSDVALIDATION_EXPORTS=1 -DUSDVOLIMAGING_EXPORTS=1 -DUSDVOL_EXPORTS=1 -DUSD_EXPORTS=1 -DVT_EXPORTS=1 -DWORK_EXPORTS=1 -I/build/source/build/pxr/usd/usd -I/build/source/pxr/usd/usd -I/build/source/build/include -isystem /nix/store/v9xb07wmdqxmb4qnjxjcckzs4ixviyvf-python3-3.13.14/include/python3.13 -Wall -Wformat-security -pthread -Wno-deprecated -Wno-deprecated-declarations -Wno-unused-local-typedefs -Wno-maybe-uninitialized  -O3 -DNDEBUG -std=c++17 -fPIC -MD -MT pxr/usd/usd/CMakeFiles/usd.dir/crateFile.cpp.o -MF pxr/usd/usd/CMakeFiles/usd.dir/crateFile.cpp.o.d -o pxr/usd/usd/CMakeFiles/usd.dir/crateFile.cpp.o -c /build/source/pxr/usd/usd/crateFile.cpp
g++: fatal error: Killed signal terminated program cc1plus
compilation terminated.
[2969/4282] Building CXX object pxr/imaging/hd/CMakeFiles/hd.dir/displayFilterSchema.cpp.o
[2970/4282] Building CXX object pxr/imaging/hd/CMakeFiles/hd.dir/field.cpp.o
[2971/4282] Building CXX object pxr/imaging/hd/CMakeFiles/hd.dir/drawItem.cpp.o
[2972/4282] Building CXX object pxr/imaging/hd/CMakeFiles/hd.dir/extComputationPrimvarsSchema.cpp.o
[2973/4282] Building CXX object pxr/imaging/hd/CMakeFiles/hd.dir/extComputationOutputSchema.cpp.o
[2974/4282] Building CXX object pxr/imaging/hd/CMakeFiles/hd.dir/filteringSceneIndex.cpp.o
[2975/4282] Building CXX object pxr/imaging/hd/CMakeFiles/hd.dir/extComputationSchema.cpp.o
[2976/4282] Building CXX object pxr/imaging/hd/CMakeFiles/hd.dir/extComputationInputComputationSchema.cpp.o
[2977/4282] Building CXX object pxr/imaging/hd/CMakeFiles/hd.dir/extComputationPrimvarSchema.cpp.o
[2978/4282] Building CXX object pxr/imaging/hd/CMakeFiles/hd.dir/collectionPredicateLibrary.cpp.o
[2979/4282] Building CXX object pxr/imaging/hd/CMakeFiles/hd.dir/extentSchema.cpp.o
[2980/4282] Building CXX object pxr/imaging/hd/CMakeFiles/hd.dir/flattenedOverlayDataSourceProvider.cpp.o
[2981/4282] Building CXX object pxr/imaging/hd/CMakeFiles/hd.dir/geomSubset.cpp.o
[2982/4282] Building CXX object pxr/imaging/hd/CMakeFiles/hd.dir/dataSourceMaterialNetworkInterface.cpp.o
[2983/4282] Building CXX object pxr/imaging/hd/CMakeFiles/hd.dir/dataSourceLegacyTaskPrim.cpp.o
[2984/4282] Building CXX object pxr/imaging/hd/CMakeFiles/hd.dir/flattenedXformDataSourceProvider.cpp.o
[2985/4282] Building CXX object pxr/imaging/hd/CMakeFiles/hd.dir/flattenedPrimvarsDataSourceProvider.cpp.o
[2986/4282] Building CXX object pxr/imaging/hd/CMakeFiles/hd.dir/flattenedVisibilityDataSourceProvider.cpp.o
[2987/4282] Building CXX object pxr/imaging/hd/CMakeFiles/hd.dir/engine.cpp.o
[2988/4282] Building CXX object pxr/imaging/hd/CMakeFiles/hd.dir/extComputation.cpp.o
[2989/4282] Building CXX object pxr/imaging/hd/CMakeFiles/hd.dir/dirtyList.cpp.o
[2990/4282] Building CXX object pxr/imaging/hd/CMakeFiles/hd.dir/dependencyForwardingSceneIndex.cpp.o
[2991/4282] Building CXX object pxr/imaging/hd/CMakeFiles/hd.dir/flattenedDataSourceProvider.cpp.o
[2992/4282] Building CXX object pxr/imaging/hd/CMakeFiles/hd.dir/flattenedDataSourceProviders.cpp.o
[2993/4282] Building CXX object pxr/imaging/hd/CMakeFiles/hd.dir/extComputationUtils.cpp.o
[2994/4282] Building CXX object pxr/imaging/hd/CMakeFiles/hd.dir/flattenedPurposeDataSourceProvider.cpp.o
[2995/4282] Building CXX object pxr/imaging/hd/CMakeFiles/hd.dir/flatNormals.cpp.o
[2996/4282] Building CXX object pxr/imaging/hd/CMakeFiles/hd.dir/dirtyBitsTranslator.cpp.o
[2997/4282] Building CXX object pxr/imaging/hd/CMakeFiles/hd.dir/flatteningSceneIndex.cpp.o
[2998/4282] Building CXX object pxr/imaging/hd/CMakeFiles/hd.dir/dataSourceLegacyPrim.cpp.o
[2999/4282] Building CXX object pxr/usd/usd/CMakeFiles/usd.dir/stage.cpp.o
ninja: build stopped: subcommand failed.
